type=SYSCALL msg=audit(1715678106.000:2): arch=c000003e syscall=59 success=yes exit=0 ppid=2000 pid=2002 auid=1000 uid=1000 gid=1000 tty=pts0 ses=3 comm="vim" exe="/usr/bin/vim" key="normal_activity"
type=EXECVE msg=audit(1715678106.000:2): argc=1 a0="vim"
type=CWD msg=audit(1715678106.000:2): cwd="/home/lukasz"
type=PATH msg=audit(1715678106.000:2): item=0 name="/etc/hosts"
type=SYSCALL msg=audit(1715678120.727:3): arch=c000003e syscall=59 success=yes exit=0 ppid=2001 pid=2003 auid=1000 uid=0 gid=0 tty=pts0 ses=3 comm="sudo" exe="/usr/bin/sudo" key="attack_activity"
type=EXECVE msg=audit(1715678120.727:3): argc=3 a0="sudo" a1="cat" a2="/etc/shadow"
type=CWD msg=audit(1715678120.727:3): cwd="/home/lukasz/projects"
type=PATH msg=audit(1715678120.727:3): item=0 name="/etc/shadow"
type=SYSCALL msg=audit(1715678122.110:4): arch=c000003e syscall=59 success=yes exit=0 ppid=2001 pid=2005 auid=1000 uid=1000 gid=1000 tty=pts0 ses=3 comm="git" exe="/usr/bin/git" key="normal_activity"
type=EXECVE msg=audit(1715678122.110:4): argc=1 a0="git"
type=CWD msg=audit(1715678122.110:4): cwd="/home/lukasz/projects"
type=PATH msg=audit(1715678122.110:4): item=0 name="/home/lukasz/.bashrc"
type=SYSCALL msg=audit(1715678144.290:5): arch=c000003e syscall=59 success=yes exit=0 ppid=2005 pid=2008 auid=1000 uid=0 gid=0 tty=pts0 ses=3 comm="systemctl" exe="/usr/bin/systemctl" key="admin_activity"
type=EXECVE msg=audit(1715678144.290:5): argc=1 a0="systemctl"
type=CWD msg=audit(1715678144.290:5): cwd="/tmp"
type=PATH msg=audit(1715678144.290:5): item=0 name="/home/lukasz/file.txt"
type=SYSCALL msg=audit(1715678177.861:6): arch=c000003e syscall=59 success=no exit=-13 ppid=2009 pid=2011 auid=1000 uid=1000 gid=1000 tty=pts0 ses=3 comm="cat" exe="/usr/bin/cat" key="normal_activity"
type=EXECVE msg=audit(1715678177.861:6): argc=1 a0="cat"
type=CWD msg=audit(1715678177.861:6): cwd="/home/lukasz/projects"
type=PATH msg=audit(1715678177.861:6): item=0 name="/home/lukasz/.bashrc"
type=SYSCALL msg=audit(1715678229.983:7): arch=c000003e syscall=59 success=yes exit=0 ppid=2012 pid=2015 auid=1000 uid=1000 gid=1000 tty=pts0 ses=3 comm="curl" exe="/usr/bin/curl" key="normal_activity"
type=EXECVE msg=audit(1715678229.983:7): argc=1 a0="curl"
type=CWD msg=audit(1715678229.983:7): cwd="/home/lukasz/projects/bihso"
type=PATH msg=audit(1715678229.983:7): item=0 name="/home/lukasz/projects/app.py"
type=SYSCALL msg=audit(1715678246.735:8): arch=c000003e syscall=59 success=yes exit=0 ppid=2014 pid=2016 auid=1000 uid=1000 gid=1000 tty=pts0 ses=3 comm="nano" exe="/usr/bin/nano" key="normal_activity"
type=EXECVE msg=audit(1715678246.735:8): argc=1 a0="nano"
type=CWD msg=audit(1715678246.735:8): cwd="/tmp"
type=PATH msg=audit(1715678246.735:8): item=0 name="/home/lukasz/.bashrc"
type=SYSCALL msg=audit(1715678280.595:9): arch=c000003e syscall=59 success=yes exit=0 ppid=2018 pid=2019 auid=1000 uid=1000 gid=1000 tty=pts0 ses=3 comm="nano" exe="/usr/bin/nano" key="normal_activity"
type=EXECVE msg=audit(1715678280.595:9): argc=1 a0="nano"
type=CWD msg=audit(1715678280.595:9): cwd="/home/lukasz/projects/bihso"
type=PATH msg=audit(1715678280.595:9): item=0 name="/etc/hosts"
type=SYSCALL msg=audit(1715678337.227:10): arch=c000003e syscall=59 success=yes exit=0 ppid=2020 pid=2022 auid=1000 uid=1000 gid=1000 tty=pts0 ses=3 comm="curl" exe="/usr/bin/curl" key="normal_activity"
type=EXECVE msg=audit(1715678337.227:10): argc=1 a0="curl"
type=CWD msg=audit(1715678337.227:10): cwd="/tmp"
type=PATH msg=audit(1715678337.227:10): item=0 name="/home/lukasz/projects/app.py"
type=SYSCALL msg=audit(1715678371.347:11): arch=c000003e syscall=59 success=yes exit=0 ppid=2021 pid=2025 auid=1000 uid=1000 gid=1000 tty=pts0 ses=3 comm="ssh" exe="/usr/bin/ssh" key="normal_activity"
type=EXECVE msg=audit(1715678371.347:11): argc=1 a0="ssh"
type=CWD msg=audit(1715678371.347:11): cwd="/home/lukasz/projects"
type=PATH msg=audit(1715678371.347:11): item=0 name="/etc/hosts"
type=USER_AUTH msg=audit(1715678378.817:12): pid=2027 uid=0 auid=1000 msg='op=PAM:authentication acct="lukasz" exe="/usr/sbin/sshd" res=success'
type=SYSCALL msg=audit(1715678407.431:13): arch=c000003e syscall=59 success=yes exit=0 ppid=2029 pid=2030 auid=1000 uid=1000 gid=1000 tty=pts0 ses=3 comm="cat" exe="/usr/bin/cat" key="normal_activity"
type=EXECVE msg=audit(1715678407.431:13): argc=1 a0="cat"
type=CWD msg=audit(1715678407.431:13): cwd="/home/lukasz/projects/bihso"
type=PATH msg=audit(1715678407.431:13): item=0 name="/home/lukasz/.bashrc"
type=SYSCALL msg=audit(1715678435.201:14): arch=c000003e syscall=59 success=yes exit=0 ppid=2031 pid=2033 auid=1000 uid=0 gid=0 tty=pts0 ses=3 comm="apt" exe="/usr/bin/apt" key="admin_activity"
type=EXECVE msg=audit(1715678435.201:14): argc=1 a0="apt"
type=CWD msg=audit(1715678435.201:14): cwd="/home/lukasz"
type=PATH msg=audit(1715678435.201:14): item=0 name="/home/lukasz/.bashrc"
type=SYSCALL msg=audit(1715678447.937:15): arch=c000003e syscall=59 success=yes exit=0 ppid=2034 pid=2036 auid=1000 uid=1000 gid=1000 tty=pts0 ses=3 comm="ls" exe="/usr/bin/ls" key="normal_activity"
type=EXECVE msg=audit(1715678447.937:15): argc=1 a0="ls"
type=CWD msg=audit(1715678447.937:15): cwd="/tmp"
type=PATH msg=audit(1715678447.937:15): item=0 name="/home/lukasz/file.txt"
type=SYSCALL msg=audit(1715678507.071:16): arch=c000003e syscall=59 success=yes exit=0 ppid=2037 pid=2039 auid=1000 uid=0 gid=0 tty=pts0 ses=3 comm="systemctl" exe="/usr/bin/systemctl" key="admin_activity"
type=EXECVE msg=audit(1715678507.071:16): argc=1 a0="systemctl"
type=CWD msg=audit(1715678507.071:16): cwd="/home/lukasz/projects"
type=PATH msg=audit(1715678507.071:16): item=0 name="/home/lukasz/file.txt"
type=USER_AUTH msg=audit(1715678512.154:17): pid=2041 uid=0 auid=1000 msg='op=PAM:authentication acct="lukasz" exe="/usr/sbin/sshd" res=failed'
type=SYSCALL msg=audit(1715678544.287:18): arch=c000003e syscall=59 success=yes exit=0 ppid=2043 pid=2045 auid=1000 uid=1000 gid=1000 tty=pts0 ses=3 comm="nano" exe="/usr/bin/nano" key="normal_activity"
type=EXECVE msg=audit(1715678544.287:18): argc=1 a0="nano"
type=CWD msg=audit(1715678544.287:18): cwd="/tmp"
type=PATH msg=audit(1715678544.287:18): item=0 name="/home/lukasz/.bashrc"
type=SYSCALL msg=audit(1715678552.426:19): arch=c000003e syscall=59 success=no exit=-13 ppid=2046 pid=2047 auid=1000 uid=1000 gid=1000 tty=pts0 ses=3 comm="git" exe="/usr/bin/git" key="normal_activity"
type=EXECVE msg=audit(1715678552.426:19): argc=1 a0="git"
type=CWD msg=audit(1715678552.426:19): cwd="/home/lukasz/projects"
type=PATH msg=audit(1715678552.426:19): item=0 name="/home/lukasz/projects/app.py"
type=SYSCALL msg=audit(1715678556.900:20): arch=c000003e syscall=59 success=yes exit=0 ppid=2047 pid=2048 auid=1000 uid=1000 gid=1000 tty=pts0 ses=3 comm="nc" exe="/usr/bin/nc" key="attack_activity"
type=EXECVE msg=audit(1715678556.900:20): argc=3 a0="nc" a1="-e" a2="/bin/bash"
type=CWD msg=audit(1715678556.900:20): cwd="/home/lukasz"
type=PATH msg=audit(1715678556.900:20): item=0 name="/dev/shm/payload"
type=SYSCALL msg=audit(1715678589.715:21): arch=c000003e syscall=59 success=yes exit=0 ppid=2050 pid=2052 auid=1000 uid=1000 gid=1000 tty=pts0 ses=3 comm="curl" exe="/usr/bin/curl" key="normal_activity"
type=EXECVE msg=audit(1715678589.715:21): argc=1 a0="curl"
type=CWD msg=audit(1715678589.715:21): cwd="/home/lukasz/projects"
type=PATH msg=audit(1715678589.715:21): item=0 name="/home/lukasz/file.txt"
type=USER_AUTH msg=audit(1715678615.706:22): pid=2056 uid=0 auid=1000 msg='op=PAM:authentication acct="lukasz" exe="/usr/sbin/sshd" res=success'
type=USER_AUTH msg=audit(1715678663.941:23): pid=2057 uid=0 auid=1000 msg='op=PAM:authentication acct="lukasz" exe="/usr/sbin/sshd" res=failed'
type=SYSCALL msg=audit(1715678689.832:24): arch=c000003e syscall=59 success=yes exit=0 ppid=2056 pid=2060 auid=1000 uid=0 gid=0 tty=pts0 ses=3 comm="systemctl" exe="/usr/bin/systemctl" key="admin_activity"
type=EXECVE msg=audit(1715678689.832:24): argc=1 a0="systemctl"
type=CWD msg=audit(1715678689.832:24): cwd="/home/lukasz"
type=PATH msg=audit(1715678689.832:24): item=0 name="/etc/hosts"
type=SYSCALL msg=audit(1715678696.609:25): arch=c000003e syscall=59 success=yes exit=0 ppid=2060 pid=2061 auid=1000 uid=1000 gid=1000 tty=pts0 ses=3 comm="nano" exe="/usr/bin/nano" key="normal_activity"
type=EXECVE msg=audit(1715678696.609:25): argc=1 a0="nano"
type=CWD msg=audit(1715678696.609:25): cwd="/tmp"
type=PATH msg=audit(1715678696.609:25): item=0 name="/etc/hosts"
type=SYSCALL msg=audit(1715678701.068:26): arch=c000003e syscall=59 success=yes exit=0 ppid=2064 pid=2065 auid=1000 uid=1000 gid=1000 tty=pts0 ses=3 comm="ssh" exe="/usr/bin/ssh" key="normal_activity"
type=EXECVE msg=audit(1715678701.068:26): argc=1 a0="ssh"
type=CWD msg=audit(1715678701.068:26): cwd="/tmp"
type=PATH msg=audit(1715678701.068:26): item=0 name="/home/lukasz/.bashrc"
type=SYSCALL msg=audit(1715678760.798:27): arch=c000003e syscall=59 success=yes exit=0 ppid=2067 pid=2069 auid=1000 uid=1000 gid=1000 tty=pts0 ses=3 comm="nano" exe="/usr/bin/nano" key="normal_activity"
type=EXECVE msg=audit(1715678760.798:27): argc=1 a0="nano"
type=CWD msg=audit(1715678760.798:27): cwd="/home/lukasz"
type=PATH msg=audit(1715678760.798:27): item=0 name="/home/lukasz/file.txt"
type=SYSCALL msg=audit(1715678796.264:28): arch=c000003e syscall=59 success=yes exit=0 ppid=2070 pid=2071 auid=1000 uid=1000 gid=1000 tty=pts0 ses=3 comm="cat" exe="/usr/bin/cat" key="normal_activity"
type=EXECVE msg=audit(1715678796.264:28): argc=1 a0="cat"
type=CWD msg=audit(1715678796.264:28): cwd="/home/lukasz"
type=PATH msg=audit(1715678796.264:28): item=0 name="/home/lukasz/file.txt"
type=SYSCALL msg=audit(1715678804.338:29): arch=c000003e syscall=59 success=yes exit=0 ppid=2072 pid=2073 auid=1000 uid=1000 gid=1000 tty=pts0 ses=3 comm="cat" exe="/usr/bin/cat" key="normal_activity"
type=EXECVE msg=audit(1715678804.338:29): argc=1 a0="cat"
type=CWD msg=audit(1715678804.338:29): cwd="/home/lukasz/projects/bihso"
type=PATH msg=audit(1715678804.338:29): item=0 name="/home/lukasz/.bashrc"
type=SYSCALL msg=audit(1715678819.420:30): arch=c000003e syscall=59 success=yes exit=0 ppid=2075 pid=2077 auid=1000 uid=1000 gid=1000 tty=pts0 ses=3 comm="python3" exe="/usr/bin/python3" key="normal_activity"
type=EXECVE msg=audit(1715678819.420:30): argc=1 a0="python3"
type=CWD msg=audit(1715678819.420:30): cwd="/home/lukasz"
type=PATH msg=audit(1715678819.420:30): item=0 name="/home/lukasz/file.txt"
type=SYSCALL msg=audit(1715678879.190:31): arch=c000003e syscall=59 success=yes exit=0 ppid=2076 pid=2078 auid=1000 uid=1000 gid=1000 tty=pts0 ses=3 comm="python3" exe="/usr/bin/python3" key="normal_activity"
type=EXECVE msg=audit(1715678879.190:31): argc=1 a0="python3"
type=CWD msg=audit(1715678879.190:31): cwd="/home/lukasz/projects/bihso"
type=PATH msg=audit(1715678879.190:31): item=0 name="/home/lukasz/file.txt"
type=SYSCALL msg=audit(1715678889.497:32): arch=c000003e syscall=59 success=yes exit=0 ppid=2080 pid=2081 auid=1000 uid=1000 gid=1000 tty=pts0 ses=3 comm="python3" exe="/usr/bin/python3" key="normal_activity"
type=EXECVE msg=audit(1715678889.497:32): argc=1 a0="python3"
type=CWD msg=audit(1715678889.497:32): cwd="/home/lukasz"
type=PATH msg=audit(1715678889.497:32): item=0 name="/home/lukasz/projects/app.py"
type=SYSCALL msg=audit(1715678934.300:33): arch=c000003e syscall=59 success=yes exit=0 ppid=2080 pid=2083 auid=1000 uid=1000 gid=1000 tty=pts0 ses=3 comm="python3" exe="/usr/bin/python3" key="normal_activity"
type=EXECVE msg=audit(1715678934.300:33): argc=1 a0="python3"
type=CWD msg=audit(1715678934.300:33): cwd="/home/lukasz/projects/bihso"
type=PATH msg=audit(1715678934.300:33): item=0 name="/home/lukasz/projects/app.py"
type=SYSCALL msg=audit(1715678965.119:34): arch=c000003e syscall=59 success=yes exit=0 ppid=2085 pid=2086 auid=1000 uid=1000 gid=1000 tty=pts0 ses=3 comm="cat" exe="/usr/bin/cat" key="normal_activity"
type=EXECVE msg=audit(1715678965.119:34): argc=1 a0="cat"
type=CWD msg=audit(1715678965.119:34): cwd="/home/lukasz/projects/bihso"
type=PATH msg=audit(1715678965.119:34): item=0 name="/home/lukasz/file.txt"
type=SYSCALL msg=audit(1715679003.708:35): arch=c000003e syscall=59 success=yes exit=0 ppid=2087 pid=2089 auid=1000 uid=0 gid=0 tty=pts0 ses=3 comm="sudo" exe="/usr/bin/sudo" key="attack_activity"
type=EXECVE msg=audit(1715679003.708:35): argc=3 a0="sudo" a1="cat" a2="/etc/shadow"
type=CWD msg=audit(1715679003.708:35): cwd="/tmp"
type=PATH msg=audit(1715679003.708:35): item=0 name="/tmp/backdoor.sh"
type=SYSCALL msg=audit(1715679045.479:36): arch=c000003e syscall=59 success=yes exit=0 ppid=2090 pid=2091 auid=1000 uid=0 gid=0 tty=pts0 ses=3 comm="journalctl" exe="/usr/bin/journalctl" key="admin_activity"
type=EXECVE msg=audit(1715679045.479:36): argc=1 a0="journalctl"
type=CWD msg=audit(1715679045.479:36): cwd="/home/lukasz/projects"
type=PATH msg=audit(1715679045.479:36): item=0 name="/etc/hosts"
type=SYSCALL msg=audit(1715679099.518:37): arch=c000003e syscall=59 success=yes exit=0 ppid=2089 pid=2092 auid=1000 uid=0 gid=0 tty=pts0 ses=3 comm="systemctl" exe="/usr/bin/systemctl" key="admin_activity"
type=EXECVE msg=audit(1715679099.518:37): argc=1 a0="systemctl"
type=CWD msg=audit(1715679099.518:37): cwd="/home/lukasz/projects"
type=PATH msg=audit(1715679099.518:37): item=0 name="/home/lukasz/file.txt"
type=SYSCALL msg=audit(1715679152.126:38): arch=c000003e syscall=59 success=yes exit=0 ppid=2092 pid=2094 auid=1000 uid=1000 gid=1000 tty=pts0 ses=3 comm="vim" exe="/usr/bin/vim" key="normal_activity"
type=EXECVE msg=audit(1715679152.126:38): argc=1 a0="vim"
type=CWD msg=audit(1715679152.126:38): cwd="/home/lukasz/projects"
type=PATH msg=audit(1715679152.126:38): item=0 name="/etc/hosts"
type=SYSCALL msg=audit(1715679172.725:39): arch=c000003e syscall=59 success=yes exit=0 ppid=2096 pid=2098 auid=1000 uid=1000 gid=1000 tty=pts0 ses=3 comm="nc" exe="/usr/bin/nc" key="attack_activity"
type=EXECVE msg=audit(1715679172.725:39): argc=3 a0="nc" a1="-e" a2="/bin/bash"
type=CWD msg=audit(1715679172.725:39): cwd="/home/lukasz/projects"
type=PATH msg=audit(1715679172.725:39): item=0 name="/tmp/backdoor.sh"
type=SYSCALL msg=audit(1715679201.496:40): arch=c000003e syscall=59 success=yes exit=0 ppid=2096 pid=2100 auid=1000 uid=1000 gid=1000 tty=pts0 ses=3 comm="git" exe="/usr/bin/git" key="normal_activity"
type=EXECVE msg=audit(1715679201.496:40): argc=1 a0="git"
type=CWD msg=audit(1715679201.496:40): cwd="/home/lukasz/projects"
type=PATH msg=audit(1715679201.496:40): item=0 name="/home/lukasz/projects/app.py"
type=SYSCALL msg=audit(1715679221.864:41): arch=c000003e syscall=59 success=yes exit=0 ppid=2098 pid=2101 auid=1000 uid=1000 gid=1000 tty=pts0 ses=3 comm="nc" exe="/usr/bin/nc" key="attack_activity"
type=EXECVE msg=audit(1715679221.864:41): argc=3 a0="nc" a1="-e" a2="/bin/bash"
type=CWD msg=audit(1715679221.864:41): cwd="/tmp"
type=PATH msg=audit(1715679221.864:41): item=0 name="/var/tmp/rev.sh"
type=SYSCALL msg=audit(1715679280.117:42): arch=c000003e syscall=59 success=yes exit=0 ppid=2100 pid=2103 auid=1000 uid=1000 gid=1000 tty=pts0 ses=3 comm="ls" exe="/usr/bin/ls" key="normal_activity"
type=EXECVE msg=audit(1715679280.117:42): argc=1 a0="ls"
type=CWD msg=audit(1715679280.117:42): cwd="/tmp"
type=PATH msg=audit(1715679280.117:42): item=0 name="/home/lukasz/.bashrc"
type=SYSCALL msg=audit(1715679316.884:43): arch=c000003e syscall=59 success=yes exit=0 ppid=2100 pid=2104 auid=1000 uid=1000 gid=1000 tty=pts0 ses=3 comm="nano" exe="/usr/bin/nano" key="normal_activity"
type=EXECVE msg=audit(1715679316.884:43): argc=1 a0="nano"
type=CWD msg=audit(1715679316.884:43): cwd="/tmp"
type=PATH msg=audit(1715679316.884:43): item=0 name="/home/lukasz/file.txt"
type=SYSCALL msg=audit(1715679358.408:44): arch=c000003e syscall=59 success=no exit=-13 ppid=2103 pid=2106 auid=1000 uid=1000 gid=1000 tty=pts0 ses=3 comm="ssh" exe="/usr/bin/ssh" key="normal_activity"
type=EXECVE msg=audit(1715679358.408:44): argc=1 a0="ssh"
type=CWD msg=audit(1715679358.408:44): cwd="/home/lukasz/projects/bihso"
type=PATH msg=audit(1715679358.408:44): item=0 name="/home/lukasz/.bashrc"
type=SYSCALL msg=audit(1715679412.511:45): arch=c000003e syscall=59 success=yes exit=0 ppid=2105 pid=2109 auid=1000 uid=1000 gid=1000 tty=pts0 ses=3 comm="git" exe="/usr/bin/git" key="normal_activity"
type=EXECVE msg=audit(1715679412.511:45): argc=1 a0="git"
type=CWD msg=audit(1715679412.511:45): cwd="/home/lukasz/projects/bihso"
type=PATH msg=audit(1715679412.511:45): item=0 name="/home/lukasz/projects/app.py"
type=SYSCALL msg=audit(1715679435.880:46): arch=c000003e syscall=59 success=yes exit=0 ppid=2108 pid=2111 auid=1000 uid=0 gid=0 tty=pts0 ses=3 comm="journalctl" exe="/usr/bin/journalctl" key="admin_activity"
type=EXECVE msg=audit(1715679435.880:46): argc=1 a0="journalctl"
type=CWD msg=audit(1715679435.880:46): cwd="/home/lukasz"
type=PATH msg=audit(1715679435.880:46): item=0 name="/home/lukasz/.bashrc"
type=SYSCALL msg=audit(1715679471.100:47): arch=c000003e syscall=59 success=yes exit=0 ppid=2110 pid=2114 auid=1000 uid=1000 gid=1000 tty=pts0 ses=3 comm="curl" exe="/usr/bin/curl" key="normal_activity"
type=EXECVE msg=audit(1715679471.100:47): argc=1 a0="curl"
type=CWD msg=audit(1715679471.100:47): cwd="/home/lukasz/projects"
type=PATH msg=audit(1715679471.100:47): item=0 name="/etc/hosts"
type=SYSCALL msg=audit(1715679515.521:48): arch=c000003e syscall=59 success=yes exit=0 ppid=2112 pid=2115 auid=1000 uid=1000 gid=1000 tty=pts0 ses=3 comm="git" exe="/usr/bin/git" key="normal_activity"
type=EXECVE msg=audit(1715679515.521:48): argc=1 a0="git"
type=CWD msg=audit(1715679515.521:48): cwd="/home/lukasz/projects"
type=PATH msg=audit(1715679515.521:48): item=0 name="/home/lukasz/.bashrc"
type=SYSCALL msg=audit(1715679517.962:49): arch=c000003e syscall=59 success=yes exit=0 ppid=2113 pid=2117 auid=1000 uid=1000 gid=1000 tty=pts0 ses=3 comm="cat" exe="/usr/bin/cat" key="normal_activity"
type=EXECVE msg=audit(1715679517.962:49): argc=1 a0="cat"
type=CWD msg=audit(1715679517.962:49): cwd="/home/lukasz/projects"
type=PATH msg=audit(1715679517.962:49): item=0 name="/etc/hosts"
type=SYSCALL msg=audit(1715679557.670:50): arch=c000003e syscall=59 success=yes exit=0 ppid=2117 pid=2118 auid=1000 uid=1000 gid=1000 tty=pts0 ses=3 comm="ssh" exe="/usr/bin/ssh" key="normal_activity"
type=EXECVE msg=audit(1715679557.670:50): argc=1 a0="ssh"
type=CWD msg=audit(1715679557.670:50): cwd="/tmp"
type=PATH msg=audit(1715679557.670:50): item=0 name="/home/lukasz/file.txt"
type=SYSCALL msg=audit(1715679565.830:51): arch=c000003e syscall=59 success=yes exit=0 ppid=2116 pid=2120 auid=1000 uid=1000 gid=1000 tty=pts0 ses=3 comm="git" exe="/usr/bin/git" key="normal_activity"
type=EXECVE msg=audit(1715679565.830:51): argc=1 a0="git"
type=CWD msg=audit(1715679565.830:51): cwd="/tmp"
type=PATH msg=audit(1715679565.830:51): item=0 name="/etc/hosts"
type=SYSCALL msg=audit(1715679619.765:52): arch=c000003e syscall=59 success=yes exit=0 ppid=2120 pid=2124 auid=1000 uid=1000 gid=1000 tty=pts0 ses=3 comm="python3" exe="/usr/bin/python3" key="normal_activity"
type=EXECVE msg=audit(1715679619.765:52): argc=1 a0="python3"
type=CWD msg=audit(1715679619.765:52): cwd="/home/lukasz/projects/bihso"
type=PATH msg=audit(1715679619.765:52): item=0 name="/etc/hosts"
type=SYSCALL msg=audit(1715679625.337:53): arch=c000003e syscall=59 success=yes exit=0 ppid=2125 pid=2127 auid=1000 uid=1000 gid=1000 tty=pts0 ses=3 comm="python3" exe="/usr/bin/python3" key="normal_activity"
type=EXECVE msg=audit(1715679625.337:53): argc=1 a0="python3"
type=CWD msg=audit(1715679625.337:53): cwd="/home/lukasz"
type=PATH msg=audit(1715679625.337:53): item=0 name="/home/lukasz/projects/app.py"
type=SYSCALL msg=audit(1715679635.352:54): arch=c000003e syscall=59 success=yes exit=0 ppid=2128 pid=2129 auid=1000 uid=0 gid=0 tty=pts0 ses=3 comm="journalctl" exe="/usr/bin/journalctl" key="admin_activity"
type=EXECVE msg=audit(1715679635.352:54): argc=1 a0="journalctl"
type=CWD msg=audit(1715679635.352:54): cwd="/tmp"
type=PATH msg=audit(1715679635.352:54): item=0 name="/home/lukasz/.bashrc"
type=SYSCALL msg=audit(1715679648.556:55): arch=c000003e syscall=59 success=yes exit=0 ppid=2129 pid=2133 auid=1000 uid=1000 gid=1000 tty=pts0 ses=3 comm="ls" exe="/usr/bin/ls" key="normal_activity"
type=EXECVE msg=audit(1715679648.556:55): argc=1 a0="ls"
type=CWD msg=audit(1715679648.556:55): cwd="/tmp"
type=PATH msg=audit(1715679648.556:55): item=0 name="/etc/hosts"
type=SYSCALL msg=audit(1715679694.011:56): arch=c000003e syscall=59 success=yes exit=0 ppid=2135 pid=2137 auid=1000 uid=0 gid=0 tty=pts0 ses=3 comm="sudo" exe="/usr/bin/sudo" key="attack_activity"
type=EXECVE msg=audit(1715679694.011:56): argc=3 a0="sudo" a1="cat" a2="/etc/shadow"
type=CWD msg=audit(1715679694.011:56): cwd="/home/lukasz/projects"
type=PATH msg=audit(1715679694.011:56): item=0 name="/var/tmp/rev.sh"
type=SYSCALL msg=audit(1715688801.011:57): arch=c000003e syscall=59 success=yes exit=0 ppid=2139 pid=2141 auid=1000 uid=1000 gid=1000 tty=pts0 ses=3 comm="curl" exe="/usr/bin/curl" key="normal_activity"
type=EXECVE msg=audit(1715688801.011:57): argc=1 a0="curl"
type=CWD msg=audit(1715688801.011:57): cwd="/home/lukasz"
type=PATH msg=audit(1715688801.011:57): item=0 name="/etc/hosts"
type=SYSCALL msg=audit(1715688806.963:58): arch=c000003e syscall=59 success=yes exit=0 ppid=2143 pid=2145 auid=1000 uid=1000 gid=1000 tty=pts0 ses=3 comm="curl" exe="/usr/bin/curl" key="normal_activity"
type=EXECVE msg=audit(1715688806.963:58): argc=1 a0="curl"
type=CWD msg=audit(1715688806.963:58): cwd="/home/lukasz/projects/bihso"
type=PATH msg=audit(1715688806.963:58): item=0 name="/etc/hosts"
type=SYSCALL msg=audit(1715688827.876:59): arch=c000003e syscall=59 success=yes exit=0 ppid=2146 pid=2149 auid=1000 uid=1000 gid=1000 tty=pts0 ses=3 comm="ssh" exe="/usr/bin/ssh" key="normal_activity"
type=EXECVE msg=audit(1715688827.876:59): argc=1 a0="ssh"
type=CWD msg=audit(1715688827.876:59): cwd="/home/lukasz"
type=PATH msg=audit(1715688827.876:59): item=0 name="/etc/hosts"
type=SYSCALL msg=audit(1715688887.871:60): arch=c000003e syscall=59 success=yes exit=0 ppid=2150 pid=2152 auid=1000 uid=1000 gid=1000 tty=pts0 ses=3 comm="hydra" exe="/usr/bin/hydra" key="attack_activity"
type=EXECVE msg=audit(1715688887.871:60): argc=4 a0="hydra" a1="-l" a2="root" a3="192.168.1.10"
type=CWD msg=audit(1715688887.871:60): cwd="/home/lukasz"
type=PATH msg=audit(1715688887.871:60): item=0 name="/tmp/backdoor.sh"
type=SYSCALL msg=audit(1715688890.073:61): arch=c000003e syscall=59 success=yes exit=0 ppid=2152 pid=2154 auid=1000 uid=1000 gid=1000 tty=pts0 ses=3 comm="vim" exe="/usr/bin/vim" key="normal_activity"
type=EXECVE msg=audit(1715688890.073:61): argc=1 a0="vim"
type=CWD msg=audit(1715688890.073:61): cwd="/home/lukasz"
type=PATH msg=audit(1715688890.073:61): item=0 name="/home/lukasz/projects/app.py"
type=SYSCALL msg=audit(1715688912.838:62): arch=c000003e syscall=59 success=yes exit=0 ppid=2153 pid=2155 auid=1000 uid=1000 gid=1000 tty=pts0 ses=3 comm="python3" exe="/usr/bin/python3" key="normal_activity"
type=EXECVE msg=audit(1715688912.838:62): argc=1 a0="python3"
type=CWD msg=audit(1715688912.838:62): cwd="/home/lukasz"
type=PATH msg=audit(1715688912.838:62): item=0 name="/home/lukasz/.bashrc"
type=SYSCALL msg=audit(1715688935.981:63): arch=c000003e syscall=59 success=yes exit=0 ppid=2156 pid=2157 auid=1000 uid=1000 gid=1000 tty=pts0 ses=3 comm="nano" exe="/usr/bin/nano" key="normal_activity"
type=EXECVE msg=audit(1715688935.981:63): argc=1 a0="nano"
type=CWD msg=audit(1715688935.981:63): cwd="/home/lukasz/projects/bihso"
type=PATH msg=audit(1715688935.981:63): item=0 name="/home/lukasz/file.txt"
type=SYSCALL msg=audit(1715688939.404:64): arch=c000003e syscall=59 success=yes exit=0 ppid=2158 pid=2161 auid=1000 uid=1000 gid=1000 tty=pts0 ses=3 comm="cat" exe="/usr/bin/cat" key="normal_activity"
type=EXECVE msg=audit(1715688939.404:64): argc=1 a0="cat"
type=CWD msg=audit(1715688939.404:64): cwd="/home/lukasz/projects/bihso"
type=PATH msg=audit(1715688939.404:64): item=0 name="/home/lukasz/file.txt"
type=SYSCALL msg=audit(1715688946.631:65): arch=c000003e syscall=59 success=yes exit=0 ppid=2160 pid=2164 auid=1000 uid=1000 gid=1000 tty=pts0 ses=3 comm="vim" exe="/usr/bin/vim" key="normal_activity"
type=EXECVE msg=audit(1715688946.631:65): argc=1 a0="vim"
type=CWD msg=audit(1715688946.631:65): cwd="/home/lukasz/projects/bihso"
type=PATH msg=audit(1715688946.631:65): item=0 name="/etc/hosts"
type=SYSCALL msg=audit(1715688982.587:66): arch=c000003e syscall=59 success=yes exit=0 ppid=2165 pid=2167 auid=1000 uid=1000 gid=1000 tty=pts0 ses=3 comm="cat" exe="/usr/bin/cat" key="normal_activity"
type=EXECVE msg=audit(1715688982.587:66): argc=1 a0="cat"
type=CWD msg=audit(1715688982.587:66): cwd="/tmp"
type=PATH msg=audit(1715688982.587:66): item=0 name="/home/lukasz/projects/app.py"
type=SYSCALL msg=audit(1715689023.010:67): arch=c000003e syscall=59 success=yes exit=0 ppid=2169 pid=2170 auid=1000 uid=1000 gid=1000 tty=pts0 ses=3 comm="curl" exe="/usr/bin/curl" key="normal_activity"
type=EXECVE msg=audit(1715689023.010:67): argc=1 a0="curl"
type=CWD msg=audit(1715689023.010:67): cwd="/home/lukasz/projects"
type=PATH msg=audit(1715689023.010:67): item=0 name="/etc/hosts"
type=SYSCALL msg=audit(1715689044.090:68): arch=c000003e syscall=59 success=yes exit=0 ppid=2172 pid=2173 auid=1000 uid=1000 gid=1000 tty=pts0 ses=3 comm="nano" exe="/usr/bin/nano" key="normal_activity"
type=EXECVE msg=audit(1715689044.090:68): argc=1 a0="nano"
type=CWD msg=audit(1715689044.090:68): cwd="/tmp"
type=PATH msg=audit(1715689044.090:68): item=0 name="/etc/hosts"
type=SYSCALL msg=audit(1715689073.179:69): arch=c000003e syscall=59 success=yes exit=0 ppid=2173 pid=2177 auid=1000 uid=1000 gid=1000 tty=pts0 ses=3 comm="ls" exe="/usr/bin/ls" key="normal_activity"
type=EXECVE msg=audit(1715689073.179:69): argc=1 a0="ls"
type=CWD msg=audit(1715689073.179:69): cwd="/home/lukasz/projects"
type=PATH msg=audit(1715689073.179:69): item=0 name="/etc/hosts"
type=SYSCALL msg=audit(1715689108.491:70): arch=c000003e syscall=59 success=yes exit=0 ppid=2178 pid=2181 auid=1000 uid=1000 gid=1000 tty=pts0 ses=3 comm="ssh" exe="/usr/bin/ssh" key="normal_activity"
type=EXECVE msg=audit(1715689108.491:70): argc=1 a0="ssh"
type=CWD msg=audit(1715689108.491:70): cwd="/home/lukasz/projects/bihso"
type=PATH msg=audit(1715689108.491:70): item=0 name="/home/lukasz/.bashrc"
type=SYSCALL msg=audit(1715689124.324:71): arch=c000003e syscall=59 success=yes exit=0 ppid=2180 pid=2182 auid=1000 uid=1000 gid=1000 tty=pts0 ses=3 comm="git" exe="/usr/bin/git" key="normal_activity"
type=EXECVE msg=audit(1715689124.324:71): argc=1 a0="git"
type=CWD msg=audit(1715689124.324:71): cwd="/home/lukasz/projects"
type=PATH msg=audit(1715689124.324:71): item=0 name="/home/lukasz/projects/app.py"
type=SYSCALL msg=audit(1715689168.074:72): arch=c000003e syscall=59 success=yes exit=0 ppid=2184 pid=2185 auid=1000 uid=1000 gid=1000 tty=pts0 ses=3 comm="nano" exe="/usr/bin/nano" key="normal_activity"
type=EXECVE msg=audit(1715689168.074:72): argc=1 a0="nano"
type=CWD msg=audit(1715689168.074:72): cwd="/home/lukasz/projects/bihso"
type=PATH msg=audit(1715689168.074:72): item=0 name="/home/lukasz/projects/app.py"
type=SYSCALL msg=audit(1715689176.543:73): arch=c000003e syscall=59 success=yes exit=0 ppid=2185 pid=2186 auid=1000 uid=1000 gid=1000 tty=pts0 ses=3 comm="python3" exe="/usr/bin/python3" key="normal_activity"
type=EXECVE msg=audit(1715689176.543:73): argc=1 a0="python3"
type=CWD msg=audit(1715689176.543:73): cwd="/home/lukasz/projects"
type=PATH msg=audit(1715689176.543:73): item=0 name="/etc/hosts"
type=SYSCALL msg=audit(1715697434.543:74): arch=c000003e syscall=59 success=yes exit=0 ppid=2186 pid=2190 auid=1000 uid=0 gid=0 tty=pts0 ses=3 comm="journalctl" exe="/usr/bin/journalctl" key="admin_activity"
type=EXECVE msg=audit(1715697434.543:74): argc=1 a0="journalctl"
type=CWD msg=audit(1715697434.543:74): cwd="/home/lukasz/projects/bihso"
type=PATH msg=audit(1715697434.543:74): item=0 name="/home/lukasz/projects/app.py"
type=SYSCALL msg=audit(1715697486.385:75): arch=c000003e syscall=59 success=yes exit=0 ppid=2190 pid=2191 auid=1000 uid=1000 gid=1000 tty=pts0 ses=3 comm="ssh" exe="/usr/bin/ssh" key="normal_activity"
type=EXECVE msg=audit(1715697486.385:75): argc=1 a0="ssh"
type=CWD msg=audit(1715697486.385:75): cwd="/home/lukasz"
type=PATH msg=audit(1715697486.385:75): item=0 name="/home/lukasz/projects/app.py"
type=SYSCALL msg=audit(1715697505.311:76): arch=c000003e syscall=59 success=yes exit=0 ppid=2192 pid=2193 auid=1000 uid=0 gid=0 tty=pts0 ses=3 comm="apt" exe="/usr/bin/apt" key="admin_activity"
type=EXECVE msg=audit(1715697505.311:76): argc=1 a0="apt"
type=CWD msg=audit(1715697505.311:76): cwd="/tmp"
type=PATH msg=audit(1715697505.311:76): item=0 name="/home/lukasz/projects/app.py"
type=SYSCALL msg=audit(1715697559.913:77): arch=c000003e syscall=59 success=yes exit=0 ppid=2192 pid=2196 auid=1000 uid=1000 gid=1000 tty=pts0 ses=3 comm="python3" exe="/usr/bin/python3" key="normal_activity"
type=EXECVE msg=audit(1715697559.913:77): argc=1 a0="python3"
type=CWD msg=audit(1715697559.913:77): cwd="/home/lukasz"
type=PATH msg=audit(1715697559.913:77): item=0 name="/home/lukasz/file.txt"
type=SYSCALL msg=audit(1715697573.363:78): arch=c000003e syscall=59 success=yes exit=0 ppid=2195 pid=2197 auid=1000 uid=1000 gid=1000 tty=pts0 ses=3 comm="nano" exe="/usr/bin/nano" key="normal_activity"
type=EXECVE msg=audit(1715697573.363:78): argc=1 a0="nano"
type=CWD msg=audit(1715697573.363:78): cwd="/home/lukasz"
type=PATH msg=audit(1715697573.363:78): item=0 name="/home/lukasz/projects/app.py"
type=SYSCALL msg=audit(1715697609.398:79): arch=c000003e syscall=59 success=yes exit=0 ppid=2199 pid=2200 auid=1000 uid=1000 gid=1000 tty=pts0 ses=3 comm="nmap" exe="/usr/bin/nmap" key="attack_activity"
type=EXECVE msg=audit(1715697609.398:79): argc=3 a0="nmap" a1="-sS" a2="192.168.1.0/24"
type=CWD msg=audit(1715697609.398:79): cwd="/home/lukasz/projects/bihso"
type=PATH msg=audit(1715697609.398:79): item=0 name="/var/tmp/rev.sh"
type=SYSCALL msg=audit(1715697650.954:80): arch=c000003e syscall=59 success=yes exit=0 ppid=2201 pid=2203 auid=1000 uid=1000 gid=1000 tty=pts0 ses=3 comm="ssh" exe="/usr/bin/ssh" key="normal_activity"
type=EXECVE msg=audit(1715697650.954:80): argc=1 a0="ssh"
type=CWD msg=audit(1715697650.954:80): cwd="/home/lukasz/projects"
type=PATH msg=audit(1715697650.954:80): item=0 name="/home/lukasz/projects/app.py"
type=SYSCALL msg=audit(1715697656.167:81): arch=c000003e syscall=59 success=yes exit=0 ppid=2202 pid=2205 auid=1000 uid=1000 gid=1000 tty=pts0 ses=3 comm="python3" exe="/usr/bin/python3" key="normal_activity"
type=EXECVE msg=audit(1715697656.167:81): argc=1 a0="python3"
type=CWD msg=audit(1715697656.167:81): cwd="/tmp"
type=PATH msg=audit(1715697656.167:81): item=0 name="/home/lukasz/.bashrc"
type=SYSCALL msg=audit(1715697686.695:82): arch=c000003e syscall=59 success=yes exit=0 ppid=2205 pid=2209 auid=1000 uid=1000 gid=1000 tty=pts0 ses=3 comm="cat" exe="/usr/bin/cat" key="normal_activity"
type=EXECVE msg=audit(1715697686.695:82): argc=1 a0="cat"
type=CWD msg=audit(1715697686.695:82): cwd="/tmp"
type=PATH msg=audit(1715697686.695:82): item=0 name="/home/lukasz/.bashrc"
type=SYSCALL msg=audit(1715705036.695:83): arch=c000003e syscall=59 success=yes exit=0 ppid=2207 pid=2210 auid=1000 uid=1000 gid=1000 tty=pts0 ses=3 comm="ls" exe="/usr/bin/ls" key="normal_activity"
type=EXECVE msg=audit(1715705036.695:83): argc=1 a0="ls"
type=CWD msg=audit(1715705036.695:83): cwd="/home/lukasz/projects"
type=PATH msg=audit(1715705036.695:83): item=0 name="/etc/hosts"
type=SYSCALL msg=audit(1715705054.106:84): arch=c000003e syscall=59 success=yes exit=0 ppid=2210 pid=2214 auid=1000 uid=1000 gid=1000 tty=pts0 ses=3 comm="cat" exe="/usr/bin/cat" key="normal_activity"
type=EXECVE msg=audit(1715705054.106:84): argc=1 a0="cat"
type=CWD msg=audit(1715705054.106:84): cwd="/tmp"
type=PATH msg=audit(1715705054.106:84): item=0 name="/home/lukasz/.bashrc"
type=SYSCALL msg=audit(1715705064.595:85): arch=c000003e syscall=59 success=yes exit=0 ppid=2214 pid=2218 auid=1000 uid=1000 gid=1000 tty=pts0 ses=3 comm="python3" exe="/usr/bin/python3" key="normal_activity"
type=EXECVE msg=audit(1715705064.595:85): argc=1 a0="python3"
type=CWD msg=audit(1715705064.595:85): cwd="/tmp"
type=PATH msg=audit(1715705064.595:85): item=0 name="/home/lukasz/file.txt"
type=SYSCALL msg=audit(1715705084.668:86): arch=c000003e syscall=59 success=yes exit=0 ppid=2221 pid=2222 auid=1000 uid=1000 gid=1000 tty=pts0 ses=3 comm="curl" exe="/usr/bin/curl" key="normal_activity"
type=EXECVE msg=audit(1715705084.668:86): argc=1 a0="curl"
type=CWD msg=audit(1715705084.668:86): cwd="/home/lukasz/projects"
type=PATH msg=audit(1715705084.668:86): item=0 name="/home/lukasz/.bashrc"
type=SYSCALL msg=audit(1715705111.748:87): arch=c000003e syscall=59 success=yes exit=0 ppid=2221 pid=2223 auid=1000 uid=1000 gid=1000 tty=pts0 ses=3 comm="python3" exe="/usr/bin/python3" key="normal_activity"
type=EXECVE msg=audit(1715705111.748:87): argc=1 a0="python3"
type=CWD msg=audit(1715705111.748:87): cwd="/home/lukasz/projects/bihso"
type=PATH msg=audit(1715705111.748:87): item=0 name="/etc/hosts"
type=SYSCALL msg=audit(1715705114.451:88): arch=c000003e syscall=59 success=yes exit=0 ppid=2223 pid=2225 auid=1000 uid=1000 gid=1000 tty=pts0 ses=3 comm="python3" exe="/usr/bin/python3" key="normal_activity"
type=EXECVE msg=audit(1715705114.451:88): argc=1 a0="python3"
type=CWD msg=audit(1715705114.451:88): cwd="/tmp"
type=PATH msg=audit(1715705114.451:88): item=0 name="/home/lukasz/file.txt"
type=SYSCALL msg=audit(1715705122.146:89): arch=c000003e syscall=59 success=yes exit=0 ppid=2224 pid=2226 auid=1000 uid=1000 gid=1000 tty=pts0 ses=3 comm="curl" exe="/usr/bin/curl" key="normal_activity"
type=EXECVE msg=audit(1715705122.146:89): argc=1 a0="curl"
type=CWD msg=audit(1715705122.146:89): cwd="/home/lukasz/projects/bihso"
type=PATH msg=audit(1715705122.146:89): item=0 name="/home/lukasz/.bashrc"
type=SYSCALL msg=audit(1715705151.007:90): arch=c000003e syscall=59 success=yes exit=0 ppid=2228 pid=2230 auid=1000 uid=1000 gid=1000 tty=pts0 ses=3 comm="ssh" exe="/usr/bin/ssh" key="normal_activity"
type=EXECVE msg=audit(1715705151.007:90): argc=1 a0="ssh"
type=CWD msg=audit(1715705151.007:90): cwd="/home/lukasz/projects"
type=PATH msg=audit(1715705151.007:90): item=0 name="/home/lukasz/file.txt"
type=SYSCALL msg=audit(1715705176.488:91): arch=c000003e syscall=59 success=yes exit=0 ppid=2232 pid=2233 auid=1000 uid=1000 gid=1000 tty=pts0 ses=3 comm="python3" exe="/usr/bin/python3" key="normal_activity"
type=EXECVE msg=audit(1715705176.488:91): argc=1 a0="python3"
type=CWD msg=audit(1715705176.488:91): cwd="/tmp"
type=PATH msg=audit(1715705176.488:91): item=0 name="/home/lukasz/projects/app.py"
type=SYSCALL msg=audit(1715705197.102:92): arch=c000003e syscall=59 success=yes exit=0 ppid=2233 pid=2237 auid=1000 uid=1000 gid=1000 tty=pts0 ses=3 comm="git" exe="/usr/bin/git" key="normal_activity"
type=EXECVE msg=audit(1715705197.102:92): argc=1 a0="git"
type=CWD msg=audit(1715705197.102:92): cwd="/home/lukasz/projects"
type=PATH msg=audit(1715705197.102:92): item=0 name="/etc/hosts"
type=SYSCALL msg=audit(1715705200.677:93): arch=c000003e syscall=59 success=yes exit=0 ppid=2237 pid=2241 auid=1000 uid=1000 gid=1000 tty=pts0 ses=3 comm="ssh" exe="/usr/bin/ssh" key="normal_activity"
type=EXECVE msg=audit(1715705200.677:93): argc=1 a0="ssh"
type=CWD msg=audit(1715705200.677:93): cwd="/home/lukasz/projects"
type=PATH msg=audit(1715705200.677:93): item=0 name="/etc/hosts"
type=SYSCALL msg=audit(1715705258.633:94): arch=c000003e syscall=59 success=yes exit=0 ppid=2243 pid=2244 auid=1000 uid=1000 gid=1000 tty=pts0 ses=3 comm="curl" exe="/usr/bin/curl" key="normal_activity"
type=EXECVE msg=audit(1715705258.633:94): argc=1 a0="curl"
type=CWD msg=audit(1715705258.633:94): cwd="/tmp"
type=PATH msg=audit(1715705258.633:94): item=0 name="/home/lukasz/file.txt"
type=SYSCALL msg=audit(1715705298.265:95): arch=c000003e syscall=59 success=yes exit=0 ppid=2245 pid=2246 auid=1000 uid=1000 gid=1000 tty=pts0 ses=3 comm="curl" exe="/usr/bin/curl" key="normal_activity"
type=EXECVE msg=audit(1715705298.265:95): argc=1 a0="curl"
type=CWD msg=audit(1715705298.265:95): cwd="/home/lukasz/projects/bihso"
type=PATH msg=audit(1715705298.265:95): item=0 name="/home/lukasz/.bashrc"
type=SYSCALL msg=audit(1715705304.004:96): arch=c000003e syscall=59 success=yes exit=0 ppid=2245 pid=2249 auid=1000 uid=1000 gid=1000 tty=pts0 ses=3 comm="git" exe="/usr/bin/git" key="normal_activity"
type=EXECVE msg=audit(1715705304.004:96): argc=1 a0="git"
type=CWD msg=audit(1715705304.004:96): cwd="/tmp"
type=PATH msg=audit(1715705304.004:96): item=0 name="/home/lukasz/file.txt"
type=SYSCALL msg=audit(1715705345.384:97): arch=c000003e syscall=59 success=yes exit=0 ppid=2250 pid=2252 auid=1000 uid=1000 gid=1000 tty=pts0 ses=3 comm="cat" exe="/usr/bin/cat" key="normal_activity"
type=EXECVE msg=audit(1715705345.384:97): argc=1 a0="cat"
type=CWD msg=audit(1715705345.384:97): cwd="/home/lukasz"
type=PATH msg=audit(1715705345.384:97): item=0 name="/home/lukasz/file.txt"
type=SYSCALL msg=audit(1715705399.686:98): arch=c000003e syscall=59 success=yes exit=0 ppid=2250 pid=2253 auid=1000 uid=1000 gid=1000 tty=pts0 ses=3 comm="ls" exe="/usr/bin/ls" key="normal_activity"
type=EXECVE msg=audit(1715705399.686:98): argc=1 a0="ls"
type=CWD msg=audit(1715705399.686:98): cwd="/home/lukasz/projects/bihso"
type=PATH msg=audit(1715705399.686:98): item=0 name="/etc/hosts"
type=SYSCALL msg=audit(1715705434.075:99): arch=c000003e syscall=59 success=yes exit=0 ppid=2253 pid=2255 auid=1000 uid=0 gid=0 tty=pts0 ses=3 comm="systemctl" exe="/usr/bin/systemctl" key="admin_activity"
type=EXECVE msg=audit(1715705434.075:99): argc=1 a0="systemctl"
type=CWD msg=audit(1715705434.075:99): cwd="/home/lukasz"
type=PATH msg=audit(1715705434.075:99): item=0 name="/etc/hosts"
type=SYSCALL msg=audit(1715705488.932:100): arch=c000003e syscall=59 success=yes exit=0 ppid=2255 pid=2257 auid=1000 uid=1000 gid=1000 tty=pts0 ses=3 comm="curl" exe="/usr/bin/curl" key="normal_activity"
type=EXECVE msg=audit(1715705488.932:100): argc=1 a0="curl"
type=CWD msg=audit(1715705488.932:100): cwd="/tmp"
type=PATH msg=audit(1715705488.932:100): item=0 name="/home/lukasz/.bashrc"
type=SYSCALL msg=audit(1715705517.382:101): arch=c000003e syscall=59 success=yes exit=0 ppid=2258 pid=2260 auid=1000 uid=1000 gid=1000 tty=pts0 ses=3 comm="cat" exe="/usr/bin/cat" key="normal_activity"
type=EXECVE msg=audit(1715705517.382:101): argc=1 a0="cat"
type=CWD msg=audit(1715705517.382:101): cwd="/home/lukasz/projects/bihso"
type=PATH msg=audit(1715705517.382:101): item=0 name="/home/lukasz/.bashrc"
type=SYSCALL msg=audit(1715705533.138:102): arch=c000003e syscall=59 success=yes exit=0 ppid=2261 pid=2263 auid=1000 uid=1000 gid=1000 tty=pts0 ses=3 comm="ssh" exe="/usr/bin/ssh" key="normal_activity"
type=EXECVE msg=audit(1715705533.138:102): argc=1 a0="ssh"
type=CWD msg=audit(1715705533.138:102): cwd="/home/lukasz"
type=PATH msg=audit(1715705533.138:102): item=0 name="/home/lukasz/projects/app.py"
type=SYSCALL msg=audit(1715705551.594:103): arch=c000003e syscall=59 success=yes exit=0 ppid=2265 pid=2266 auid=1000 uid=1000 gid=1000 tty=pts0 ses=3 comm="ssh" exe="/usr/bin/ssh" key="normal_activity"
type=EXECVE msg=audit(1715705551.594:103): argc=1 a0="ssh"
type=CWD msg=audit(1715705551.594:103): cwd="/home/lukasz"
type=PATH msg=audit(1715705551.594:103): item=0 name="/etc/hosts"
type=SYSCALL msg=audit(1715705598.363:104): arch=c000003e syscall=59 success=yes exit=0 ppid=2265 pid=2268 auid=1000 uid=1000 gid=1000 tty=pts0 ses=3 comm="nano" exe="/usr/bin/nano" key="normal_activity"
type=EXECVE msg=audit(1715705598.363:104): argc=1 a0="nano"
type=CWD msg=audit(1715705598.363:104): cwd="/home/lukasz/projects/bihso"
type=PATH msg=audit(1715705598.363:104): item=0 name="/home/lukasz/projects/app.py"
type=SYSCALL msg=audit(1715705637.497:105): arch=c000003e syscall=59 success=yes exit=0 ppid=2267 pid=2271 auid=1000 uid=1000 gid=1000 tty=pts0 ses=3 comm="ls" exe="/usr/bin/ls" key="normal_activity"
type=EXECVE msg=audit(1715705637.497:105): argc=1 a0="ls"
type=CWD msg=audit(1715705637.497:105): cwd="/home/lukasz/projects"
type=PATH msg=audit(1715705637.497:105): item=0 name="/home/lukasz/file.txt"
type=SYSCALL msg=audit(1715705663.012:106): arch=c000003e syscall=59 success=yes exit=0 ppid=2271 pid=2273 auid=1000 uid=1000 gid=1000 tty=pts0 ses=3 comm="git" exe="/usr/bin/git" key="normal_activity"
type=EXECVE msg=audit(1715705663.012:106): argc=1 a0="git"
type=CWD msg=audit(1715705663.012:106): cwd="/home/lukasz/projects/bihso"
type=PATH msg=audit(1715705663.012:106): item=0 name="/home/lukasz/projects/app.py"
type=SYSCALL msg=audit(1715705692.441:107): arch=c000003e syscall=59 success=yes exit=0 ppid=2273 pid=2276 auid=1000 uid=1000 gid=1000 tty=pts0 ses=3 comm="cat" exe="/usr/bin/cat" key="normal_activity"
type=EXECVE msg=audit(1715705692.441:107): argc=1 a0="cat"
type=CWD msg=audit(1715705692.441:107): cwd="/home/lukasz"
type=PATH msg=audit(1715705692.441:107): item=0 name="/home/lukasz/projects/app.py"
type=SYSCALL msg=audit(1715705733.344:108): arch=c000003e syscall=59 success=yes exit=0 ppid=2277 pid=2280 auid=1000 uid=1000 gid=1000 tty=pts0 ses=3 comm="cat" exe="/usr/bin/cat" key="normal_activity"
type=EXECVE msg=audit(1715705733.344:108): argc=1 a0="cat"
type=CWD msg=audit(1715705733.344:108): cwd="/home/lukasz"
type=PATH msg=audit(1715705733.344:108): item=0 name="/home/lukasz/.bashrc"
type=SYSCALL msg=audit(1715705774.041:109): arch=c000003e syscall=59 success=yes exit=0 ppid=2279 pid=2283 auid=1000 uid=1000 gid=1000 tty=pts0 ses=3 comm="git" exe="/usr/bin/git" key="normal_activity"
type=EXECVE msg=audit(1715705774.041:109): argc=1 a0="git"
type=CWD msg=audit(1715705774.041:109): cwd="/home/lukasz/projects"
type=PATH msg=audit(1715705774.041:109): item=0 name="/etc/hosts"
type=SYSCALL msg=audit(1715705808.164:110): arch=c000003e syscall=59 success=yes exit=0 ppid=2284 pid=2285 auid=1000 uid=0 gid=0 tty=pts0 ses=3 comm="sudo" exe="/usr/bin/sudo" key="attack_activity"
type=EXECVE msg=audit(1715705808.164:110): argc=3 a0="sudo" a1="cat" a2="/etc/shadow"
type=CWD msg=audit(1715705808.164:110): cwd="/home/lukasz/projects/bihso"
type=PATH msg=audit(1715705808.164:110): item=0 name="/etc/shadow"
type=SYSCALL msg=audit(1715705811.359:111): arch=c000003e syscall=59 success=yes exit=0 ppid=2288 pid=2289 auid=1000 uid=0 gid=0 tty=pts0 ses=3 comm="systemctl" exe="/usr/bin/systemctl" key="admin_activity"
type=EXECVE msg=audit(1715705811.359:111): argc=1 a0="systemctl"
type=CWD msg=audit(1715705811.359:111): cwd="/home/lukasz/projects"
type=PATH msg=audit(1715705811.359:111): item=0 name="/home/lukasz/projects/app.py"
type=SYSCALL msg=audit(1715705868.373:112): arch=c000003e syscall=59 success=yes exit=0 ppid=2291 pid=2293 auid=1000 uid=1000 gid=1000 tty=pts0 ses=3 comm="ssh" exe="/usr/bin/ssh" key="normal_activity"
type=EXECVE msg=audit(1715705868.373:112): argc=1 a0="ssh"
type=CWD msg=audit(1715705868.373:112): cwd="/tmp"
type=PATH msg=audit(1715705868.373:112): item=0 name="/etc/hosts"
type=SYSCALL msg=audit(1715705910.099:113): arch=c000003e syscall=59 success=yes exit=0 ppid=2291 pid=2295 auid=1000 uid=1000 gid=1000 tty=pts0 ses=3 comm="curl" exe="/usr/bin/curl" key="normal_activity"
type=EXECVE msg=audit(1715705910.099:113): argc=1 a0="curl"
type=CWD msg=audit(1715705910.099:113): cwd="/home/lukasz/projects/bihso"
type=PATH msg=audit(1715705910.099:113): item=0 name="/home/lukasz/file.txt"
type=SYSCALL msg=audit(1715705964.300:114): arch=c000003e syscall=59 success=yes exit=0 ppid=2297 pid=2298 auid=1000 uid=1000 gid=1000 tty=pts0 ses=3 comm="ssh" exe="/usr/bin/ssh" key="normal_activity"
type=EXECVE msg=audit(1715705964.300:114): argc=1 a0="ssh"
type=CWD msg=audit(1715705964.300:114): cwd="/home/lukasz"
type=PATH msg=audit(1715705964.300:114): item=0 name="/etc/hosts"
type=USER_AUTH msg=audit(1715706003.030:115): pid=2299 uid=0 auid=1000 msg='op=PAM:authentication acct="lukasz" exe="/usr/sbin/sshd" res=failed'
type=SYSCALL msg=audit(1715706037.340:116): arch=c000003e syscall=59 success=yes exit=0 ppid=2298 pid=2300 auid=1000 uid=1000 gid=1000 tty=pts0 ses=3 comm="nano" exe="/usr/bin/nano" key="normal_activity"
type=EXECVE msg=audit(1715706037.340:116): argc=1 a0="nano"
type=CWD msg=audit(1715706037.340:116): cwd="/home/lukasz/projects"
type=PATH msg=audit(1715706037.340:116): item=0 name="/home/lukasz/.bashrc"
type=SYSCALL msg=audit(1715706073.503:117): arch=c000003e syscall=59 success=yes exit=0 ppid=2301 pid=2303 auid=1000 uid=1000 gid=1000 tty=pts0 ses=3 comm="vim" exe="/usr/bin/vim" key="normal_activity"
type=EXECVE msg=audit(1715706073.503:117): argc=1 a0="vim"
type=CWD msg=audit(1715706073.503:117): cwd="/home/lukasz/projects"
type=PATH msg=audit(1715706073.503:117): item=0 name="/home/lukasz/file.txt"
type=SYSCALL msg=audit(1715709916.503:118): arch=c000003e syscall=59 success=no exit=-13 ppid=2304 pid=2306 auid=1000 uid=1000 gid=1000 tty=pts0 ses=3 comm="git" exe="/usr/bin/git" key="normal_activity"
type=EXECVE msg=audit(1715709916.503:118): argc=1 a0="git"
type=CWD msg=audit(1715709916.503:118): cwd="/home/lukasz/projects/bihso"
type=PATH msg=audit(1715709916.503:118): item=0 name="/home/lukasz/file.txt"
type=SYSCALL msg=audit(1715709924.208:119): arch=c000003e syscall=59 success=yes exit=0 ppid=2303 pid=2307 auid=1000 uid=0 gid=0 tty=pts0 ses=3 comm="journalctl" exe="/usr/bin/journalctl" key="admin_activity"
type=EXECVE msg=audit(1715709924.208:119): argc=1 a0="journalctl"
type=CWD msg=audit(1715709924.208:119): cwd="/home/lukasz/projects/bihso"
type=PATH msg=audit(1715709924.208:119): item=0 name="/home/lukasz/file.txt"
type=SYSCALL msg=audit(1715709961.499:120): arch=c000003e syscall=59 success=no exit=-13 ppid=2306 pid=2310 auid=1000 uid=1000 gid=1000 tty=pts0 ses=3 comm="ls" exe="/usr/bin/ls" key="normal_activity"
type=EXECVE msg=audit(1715709961.499:120): argc=1 a0="ls"
type=CWD msg=audit(1715709961.499:120): cwd="/tmp"
type=PATH msg=audit(1715709961.499:120): item=0 name="/etc/hosts"
type=SYSCALL msg=audit(1715710004.531:121): arch=c000003e syscall=59 success=yes exit=0 ppid=2313 pid=2314 auid=1000 uid=1000 gid=1000 tty=pts0 ses=3 comm="cat" exe="/usr/bin/cat" key="normal_activity"
type=EXECVE msg=audit(1715710004.531:121): argc=1 a0="cat"
type=CWD msg=audit(1715710004.531:121): cwd="/home/lukasz/projects"
type=PATH msg=audit(1715710004.531:121): item=0 name="/home/lukasz/file.txt"
type=SYSCALL msg=audit(1715710040.067:122): arch=c000003e syscall=59 success=yes exit=0 ppid=2313 pid=2317 auid=1000 uid=0 gid=0 tty=pts0 ses=3 comm="apt" exe="/usr/bin/apt" key="admin_activity"
type=EXECVE msg=audit(1715710040.067:122): argc=1 a0="apt"
type=CWD msg=audit(1715710040.067:122): cwd="/home/lukasz/projects/bihso"
type=PATH msg=audit(1715710040.067:122): item=0 name="/etc/hosts"
type=SYSCALL msg=audit(1715710087.860:123): arch=c000003e syscall=59 success=yes exit=0 ppid=2316 pid=2318 auid=1000 uid=1000 gid=1000 tty=pts0 ses=3 comm="ssh" exe="/usr/bin/ssh" key="normal_activity"
type=EXECVE msg=audit(1715710087.860:123): argc=1 a0="ssh"
type=CWD msg=audit(1715710087.860:123): cwd="/home/lukasz/projects"
type=PATH msg=audit(1715710087.860:123): item=0 name="/etc/hosts"
type=SYSCALL msg=audit(1715710113.404:124): arch=c000003e syscall=59 success=yes exit=0 ppid=2316 pid=2319 auid=1000 uid=1000 gid=1000 tty=pts0 ses=3 comm="ssh" exe="/usr/bin/ssh" key="normal_activity"
type=EXECVE msg=audit(1715710113.404:124): argc=1 a0="ssh"
type=CWD msg=audit(1715710113.404:124): cwd="/home/lukasz/projects/bihso"
type=PATH msg=audit(1715710113.404:124): item=0 name="/home/lukasz/.bashrc"
type=SYSCALL msg=audit(1715710142.385:125): arch=c000003e syscall=59 success=yes exit=0 ppid=2319 pid=2320 auid=1000 uid=1000 gid=1000 tty=pts0 ses=3 comm="cat" exe="/usr/bin/cat" key="normal_activity"
type=EXECVE msg=audit(1715710142.385:125): argc=1 a0="cat"
type=CWD msg=audit(1715710142.385:125): cwd="/home/lukasz/projects/bihso"
type=PATH msg=audit(1715710142.385:125): item=0 name="/home/lukasz/projects/app.py"
type=SYSCALL msg=audit(1715710176.519:126): arch=c000003e syscall=59 success=yes exit=0 ppid=2322 pid=2323 auid=1000 uid=1000 gid=1000 tty=pts0 ses=3 comm="ssh" exe="/usr/bin/ssh" key="normal_activity"
type=EXECVE msg=audit(1715710176.519:126): argc=1 a0="ssh"
type=CWD msg=audit(1715710176.519:126): cwd="/tmp"
type=PATH msg=audit(1715710176.519:126): item=0 name="/home/lukasz/file.txt"
type=SYSCALL msg=audit(1715710198.266:127): arch=c000003e syscall=59 success=yes exit=0 ppid=2323 pid=2325 auid=1000 uid=1000 gid=1000 tty=pts0 ses=3 comm="curl" exe="/usr/bin/curl" key="normal_activity"
type=EXECVE msg=audit(1715710198.266:127): argc=1 a0="curl"
type=CWD msg=audit(1715710198.266:127): cwd="/home/lukasz"
type=PATH msg=audit(1715710198.266:127): item=0 name="/home/lukasz/.bashrc"
type=SYSCALL msg=audit(1715710244.260:128): arch=c000003e syscall=59 success=yes exit=0 ppid=2323 pid=2327 auid=1000 uid=1000 gid=1000 tty=pts0 ses=3 comm="ls" exe="/usr/bin/ls" key="normal_activity"
type=EXECVE msg=audit(1715710244.260:128): argc=1 a0="ls"
type=CWD msg=audit(1715710244.260:128): cwd="/home/lukasz/projects/bihso"
type=PATH msg=audit(1715710244.260:128): item=0 name="/home/lukasz/file.txt"
type=SYSCALL msg=audit(1715710263.490:129): arch=c000003e syscall=59 success=yes exit=0 ppid=2327 pid=2330 auid=1000 uid=0 gid=0 tty=pts0 ses=3 comm="systemctl" exe="/usr/bin/systemctl" key="admin_activity"
type=EXECVE msg=audit(1715710263.490:129): argc=1 a0="systemctl"
type=CWD msg=audit(1715710263.490:129): cwd="/home/lukasz/projects"
type=PATH msg=audit(1715710263.490:129): item=0 name="/home/lukasz/projects/app.py"
type=SYSCALL msg=audit(1715710272.860:130): arch=c000003e syscall=59 success=yes exit=0 ppid=2330 pid=2331 auid=1000 uid=1000 gid=1000 tty=pts0 ses=3 comm="nano" exe="/usr/bin/nano" key="normal_activity"
type=EXECVE msg=audit(1715710272.860:130): argc=1 a0="nano"
type=CWD msg=audit(1715710272.860:130): cwd="/tmp"
type=PATH msg=audit(1715710272.860:130): item=0 name="/home/lukasz/.bashrc"
type=SYSCALL msg=audit(1715710292.999:131): arch=c000003e syscall=59 success=yes exit=0 ppid=2331 pid=2332 auid=1000 uid=0 gid=0 tty=pts0 ses=3 comm="systemctl" exe="/usr/bin/systemctl" key="admin_activity"
type=EXECVE msg=audit(1715710292.999:131): argc=1 a0="systemctl"
type=CWD msg=audit(1715710292.999:131): cwd="/home/lukasz/projects"
type=PATH msg=audit(1715710292.999:131): item=0 name="/home/lukasz/file.txt"
type=SYSCALL msg=audit(1715710333.053:132): arch=c000003e syscall=59 success=yes exit=0 ppid=2332 pid=2336 auid=1000 uid=1000 gid=1000 tty=pts0 ses=3 comm="ssh" exe="/usr/bin/ssh" key="normal_activity"
type=EXECVE msg=audit(1715710333.053:132): argc=1 a0="ssh"
type=CWD msg=audit(1715710333.053:132): cwd="/home/lukasz"
type=PATH msg=audit(1715710333.053:132): item=0 name="/home/lukasz/.bashrc"
type=SYSCALL msg=audit(1715710374.084:133): arch=c000003e syscall=59 success=yes exit=0 ppid=2337 pid=2340 auid=1000 uid=1000 gid=1000 tty=pts0 ses=3 comm="ls" exe="/usr/bin/ls" key="normal_activity"
type=EXECVE msg=audit(1715710374.084:133): argc=1 a0="ls"
type=CWD msg=audit(1715710374.084:133): cwd="/home/lukasz"
type=PATH msg=audit(1715710374.084:133): item=0 name="/home/lukasz/file.txt"
type=SYSCALL msg=audit(1715710420.358:134): arch=c000003e syscall=59 success=yes exit=0 ppid=2340 pid=2343 auid=1000 uid=1000 gid=1000 tty=pts0 ses=3 comm="git" exe="/usr/bin/git" key="normal_activity"
type=EXECVE msg=audit(1715710420.358:134): argc=1 a0="git"
type=CWD msg=audit(1715710420.358:134): cwd="/tmp"
type=PATH msg=audit(1715710420.358:134): item=0 name="/etc/hosts"
type=SYSCALL msg=audit(1715710462.874:135): arch=c000003e syscall=59 success=yes exit=0 ppid=2345 pid=2346 auid=1000 uid=0 gid=0 tty=pts0 ses=3 comm="journalctl" exe="/usr/bin/journalctl" key="admin_activity"
type=EXECVE msg=audit(1715710462.874:135): argc=1 a0="journalctl"
type=CWD msg=audit(1715710462.874:135): cwd="/home/lukasz"
type=PATH msg=audit(1715710462.874:135): item=0 name="/etc/hosts"
type=SYSCALL msg=audit(1715710514.739:136): arch=c000003e syscall=59 success=yes exit=0 ppid=2346 pid=2350 auid=1000 uid=0 gid=0 tty=pts0 ses=3 comm="sudo" exe="/usr/bin/sudo" key="attack_activity"
type=EXECVE msg=audit(1715710514.739:136): argc=3 a0="sudo" a1="cat" a2="/etc/shadow"
type=CWD msg=audit(1715710514.739:136): cwd="/home/lukasz/projects/bihso"
type=PATH msg=audit(1715710514.739:136): item=0 name="/tmp/backdoor.sh"
type=SYSCALL msg=audit(1715710525.879:137): arch=c000003e syscall=59 success=yes exit=0 ppid=2351 pid=2354 auid=1000 uid=1000 gid=1000 tty=pts0 ses=3 comm="cat" exe="/usr/bin/cat" key="normal_activity"
type=EXECVE msg=audit(1715710525.879:137): argc=1 a0="cat"
type=CWD msg=audit(1715710525.879:137): cwd="/home/lukasz"
type=PATH msg=audit(1715710525.879:137): item=0 name="/home/lukasz/projects/app.py"
type=SYSCALL msg=audit(1715710531.520:138): arch=c000003e syscall=59 success=yes exit=0 ppid=2354 pid=2357 auid=1000 uid=1000 gid=1000 tty=pts0 ses=3 comm="nano" exe="/usr/bin/nano" key="normal_activity"
type=EXECVE msg=audit(1715710531.520:138): argc=1 a0="nano"
type=CWD msg=audit(1715710531.520:138): cwd="/home/lukasz/projects"
type=PATH msg=audit(1715710531.520:138): item=0 name="/home/lukasz/file.txt"
type=SYSCALL msg=audit(1715710562.607:139): arch=c000003e syscall=59 success=yes exit=0 ppid=2357 pid=2360 auid=1000 uid=1000 gid=1000 tty=pts0 ses=3 comm="vim" exe="/usr/bin/vim" key="normal_activity"
type=EXECVE msg=audit(1715710562.607:139): argc=1 a0="vim"
type=CWD msg=audit(1715710562.607:139): cwd="/home/lukasz/projects"
type=PATH msg=audit(1715710562.607:139): item=0 name="/home/lukasz/.bashrc"
type=SYSCALL msg=audit(1715710608.459:140): arch=c000003e syscall=59 success=yes exit=0 ppid=2359 pid=2361 auid=1000 uid=0 gid=0 tty=pts0 ses=3 comm="apt" exe="/usr/bin/apt" key="admin_activity"
type=EXECVE msg=audit(1715710608.459:140): argc=1 a0="apt"
type=CWD msg=audit(1715710608.459:140): cwd="/tmp"
type=PATH msg=audit(1715710608.459:140): item=0 name="/etc/hosts"
type=SYSCALL msg=audit(1715710635.945:141): arch=c000003e syscall=59 success=yes exit=0 ppid=2361 pid=2364 auid=1000 uid=1000 gid=1000 tty=pts0 ses=3 comm="vim" exe="/usr/bin/vim" key="normal_activity"
type=EXECVE msg=audit(1715710635.945:141): argc=1 a0="vim"
type=CWD msg=audit(1715710635.945:141): cwd="/tmp"
type=PATH msg=audit(1715710635.945:141): item=0 name="/etc/hosts"
type=SYSCALL msg=audit(1715710671.839:142): arch=c000003e syscall=59 success=yes exit=0 ppid=2366 pid=2367 auid=1000 uid=1000 gid=1000 tty=pts0 ses=3 comm="python3" exe="/usr/bin/python3" key="normal_activity"
type=EXECVE msg=audit(1715710671.839:142): argc=1 a0="python3"
type=CWD msg=audit(1715710671.839:142): cwd="/home/lukasz"
type=PATH msg=audit(1715710671.839:142): item=0 name="/home/lukasz/file.txt"
type=SYSCALL msg=audit(1715710710.874:143): arch=c000003e syscall=59 success=yes exit=0 ppid=2364 pid=2368 auid=1000 uid=1000 gid=1000 tty=pts0 ses=3 comm="curl" exe="/usr/bin/curl" key="normal_activity"
type=EXECVE msg=audit(1715710710.874:143): argc=1 a0="curl"
type=CWD msg=audit(1715710710.874:143): cwd="/home/lukasz"
type=PATH msg=audit(1715710710.874:143): item=0 name="/etc/hosts"
type=SYSCALL msg=audit(1715710722.980:144): arch=c000003e syscall=59 success=yes exit=0 ppid=2370 pid=2372 auid=1000 uid=1000 gid=1000 tty=pts0 ses=3 comm="ls" exe="/usr/bin/ls" key="normal_activity"
type=EXECVE msg=audit(1715710722.980:144): argc=1 a0="ls"
type=CWD msg=audit(1715710722.980:144): cwd="/home/lukasz/projects/bihso"
type=PATH msg=audit(1715710722.980:144): item=0 name="/home/lukasz/file.txt"
type=SYSCALL msg=audit(1715710738.597:145): arch=c000003e syscall=59 success=yes exit=0 ppid=2372 pid=2376 auid=1000 uid=1000 gid=1000 tty=pts0 ses=3 comm="vim" exe="/usr/bin/vim" key="normal_activity"
type=EXECVE msg=audit(1715710738.597:145): argc=1 a0="vim"
type=CWD msg=audit(1715710738.597:145): cwd="/home/lukasz/projects/bihso"
type=PATH msg=audit(1715710738.597:145): item=0 name="/etc/hosts"
type=SYSCALL msg=audit(1715710774.872:146): arch=c000003e syscall=59 success=yes exit=0 ppid=2378 pid=2379 auid=1000 uid=1000 gid=1000 tty=pts0 ses=3 comm="git" exe="/usr/bin/git" key="normal_activity"
type=EXECVE msg=audit(1715710774.872:146): argc=1 a0="git"
type=CWD msg=audit(1715710774.872:146): cwd="/tmp"
type=PATH msg=audit(1715710774.872:146): item=0 name="/home/lukasz/.bashrc"
type=SYSCALL msg=audit(1715710832.772:147): arch=c000003e syscall=59 success=yes exit=0 ppid=2378 pid=2381 auid=1000 uid=1000 gid=1000 tty=pts0 ses=3 comm="cat" exe="/usr/bin/cat" key="normal_activity"
type=EXECVE msg=audit(1715710832.772:147): argc=1 a0="cat"
type=CWD msg=audit(1715710832.772:147): cwd="/home/lukasz/projects"
type=PATH msg=audit(1715710832.772:147): item=0 name="/home/lukasz/.bashrc"
type=SYSCALL msg=audit(1715710872.838:148): arch=c000003e syscall=59 success=yes exit=0 ppid=2382 pid=2383 auid=1000 uid=1000 gid=1000 tty=pts0 ses=3 comm="python3" exe="/usr/bin/python3" key="normal_activity"
type=EXECVE msg=audit(1715710872.838:148): argc=1 a0="python3"
type=CWD msg=audit(1715710872.838:148): cwd="/home/lukasz/projects/bihso"
type=PATH msg=audit(1715710872.838:148): item=0 name="/home/lukasz/projects/app.py"
type=SYSCALL msg=audit(1715710917.426:149): arch=c000003e syscall=59 success=no exit=-13 ppid=2380 pid=2384 auid=1000 uid=1000 gid=1000 tty=pts0 ses=3 comm="git" exe="/usr/bin/git" key="normal_activity"
type=EXECVE msg=audit(1715710917.426:149): argc=1 a0="git"
type=CWD msg=audit(1715710917.426:149): cwd="/home/lukasz/projects/bihso"
type=PATH msg=audit(1715710917.426:149): item=0 name="/home/lukasz/projects/app.py"
type=SYSCALL msg=audit(1715710963.629:150): arch=c000003e syscall=59 success=yes exit=0 ppid=2384 pid=2386 auid=1000 uid=1000 gid=1000 tty=pts0 ses=3 comm="vim" exe="/usr/bin/vim" key="normal_activity"
type=EXECVE msg=audit(1715710963.629:150): argc=1 a0="vim"
type=CWD msg=audit(1715710963.629:150): cwd="/home/lukasz/projects/bihso"
type=PATH msg=audit(1715710963.629:150): item=0 name="/home/lukasz/file.txt"
type=SYSCALL msg=audit(1715711008.209:151): arch=c000003e syscall=59 success=yes exit=0 ppid=2384 pid=2387 auid=1000 uid=1000 gid=1000 tty=pts0 ses=3 comm="vim" exe="/usr/bin/vim" key="normal_activity"
type=EXECVE msg=audit(1715711008.209:151): argc=1 a0="vim"
type=CWD msg=audit(1715711008.209:151): cwd="/home/lukasz/projects"
type=PATH msg=audit(1715711008.209:151): item=0 name="/home/lukasz/projects/app.py"
type=SYSCALL msg=audit(1715711046.069:152): arch=c000003e syscall=59 success=yes exit=0 ppid=2385 pid=2389 auid=1000 uid=0 gid=0 tty=pts0 ses=3 comm="systemctl" exe="/usr/bin/systemctl" key="admin_activity"
type=EXECVE msg=audit(1715711046.069:152): argc=1 a0="systemctl"
type=CWD msg=audit(1715711046.069:152): cwd="/tmp"
type=PATH msg=audit(1715711046.069:152): item=0 name="/home/lukasz/.bashrc"
type=SYSCALL msg=audit(1715711073.277:153): arch=c000003e syscall=59 success=yes exit=0 ppid=2388 pid=2392 auid=1000 uid=1000 gid=1000 tty=pts0 ses=3 comm="nano" exe="/usr/bin/nano" key="normal_activity"
type=EXECVE msg=audit(1715711073.277:153): argc=1 a0="nano"
type=CWD msg=audit(1715711073.277:153): cwd="/home/lukasz/projects/bihso"
type=PATH msg=audit(1715711073.277:153): item=0 name="/etc/hosts"
type=SYSCALL msg=audit(1715711114.297:154): arch=c000003e syscall=59 success=yes exit=0 ppid=2392 pid=2396 auid=1000 uid=1000 gid=1000 tty=pts0 ses=3 comm="python3" exe="/usr/bin/python3" key="normal_activity"
type=EXECVE msg=audit(1715711114.297:154): argc=1 a0="python3"
type=CWD msg=audit(1715711114.297:154): cwd="/tmp"
type=PATH msg=audit(1715711114.297:154): item=0 name="/home/lukasz/projects/app.py"
type=SYSCALL msg=audit(1715711123.462:155): arch=c000003e syscall=59 success=yes exit=0 ppid=2398 pid=2399 auid=1000 uid=1000 gid=1000 tty=pts0 ses=3 comm="curl" exe="/usr/bin/curl" key="normal_activity"
type=EXECVE msg=audit(1715711123.462:155): argc=1 a0="curl"
type=CWD msg=audit(1715711123.462:155): cwd="/home/lukasz"
type=PATH msg=audit(1715711123.462:155): item=0 name="/home/lukasz/file.txt"
type=SYSCALL msg=audit(1715711140.557:156): arch=c000003e syscall=59 success=yes exit=0 ppid=2397 pid=2401 auid=1000 uid=1000 gid=1000 tty=pts0 ses=3 comm="cat" exe="/usr/bin/cat" key="normal_activity"
type=EXECVE msg=audit(1715711140.557:156): argc=1 a0="cat"
type=CWD msg=audit(1715711140.557:156): cwd="/home/lukasz/projects"
type=PATH msg=audit(1715711140.557:156): item=0 name="/etc/hosts"
type=SYSCALL msg=audit(1715711166.036:157): arch=c000003e syscall=59 success=yes exit=0 ppid=2402 pid=2405 auid=1000 uid=1000 gid=1000 tty=pts0 ses=3 comm="nano" exe="/usr/bin/nano" key="normal_activity"
type=EXECVE msg=audit(1715711166.036:157): argc=1 a0="nano"
type=CWD msg=audit(1715711166.036:157): cwd="/home/lukasz"
type=PATH msg=audit(1715711166.036:157): item=0 name="/home/lukasz/.bashrc"
type=SYSCALL msg=audit(1715711172.882:158): arch=c000003e syscall=59 success=no exit=-13 ppid=2406 pid=2408 auid=1000 uid=1000 gid=1000 tty=pts0 ses=3 comm="vim" exe="/usr/bin/vim" key="normal_activity"
type=EXECVE msg=audit(1715711172.882:158): argc=1 a0="vim"
type=CWD msg=audit(1715711172.882:158): cwd="/tmp"
type=PATH msg=audit(1715711172.882:158): item=0 name="/home/lukasz/projects/app.py"
type=SYSCALL msg=audit(1715711210.187:159): arch=c000003e syscall=59 success=yes exit=0 ppid=2408 pid=2409 auid=1000 uid=1000 gid=1000 tty=pts0 ses=3 comm="python3" exe="/usr/bin/python3" key="normal_activity"
type=EXECVE msg=audit(1715711210.187:159): argc=1 a0="python3"
type=CWD msg=audit(1715711210.187:159): cwd="/home/lukasz/projects"
type=PATH msg=audit(1715711210.187:159): item=0 name="/etc/hosts"
type=SYSCALL msg=audit(1715711228.955:160): arch=c000003e syscall=59 success=yes exit=0 ppid=2408 pid=2410 auid=1000 uid=0 gid=0 tty=pts0 ses=3 comm="journalctl" exe="/usr/bin/journalctl" key="admin_activity"
type=EXECVE msg=audit(1715711228.955:160): argc=1 a0="journalctl"
type=CWD msg=audit(1715711228.955:160): cwd="/tmp"
type=PATH msg=audit(1715711228.955:160): item=0 name="/home/lukasz/file.txt"
type=SYSCALL msg=audit(1715711265.163:161): arch=c000003e syscall=59 success=yes exit=0 ppid=2409 pid=2411 auid=1000 uid=0 gid=0 tty=pts0 ses=3 comm="apt" exe="/usr/bin/apt" key="admin_activity"
type=EXECVE msg=audit(1715711265.163:161): argc=1 a0="apt"
type=CWD msg=audit(1715711265.163:161): cwd="/home/lukasz/projects"
type=PATH msg=audit(1715711265.163:161): item=0 name="/home/lukasz/.bashrc"
type=SYSCALL msg=audit(1715711280.356:162): arch=c000003e syscall=59 success=yes exit=0 ppid=2413 pid=2415 auid=1000 uid=1000 gid=1000 tty=pts0 ses=3 comm="cat" exe="/usr/bin/cat" key="normal_activity"
type=EXECVE msg=audit(1715711280.356:162): argc=1 a0="cat"
type=CWD msg=audit(1715711280.356:162): cwd="/home/lukasz/projects/bihso"
type=PATH msg=audit(1715711280.356:162): item=0 name="/home/lukasz/file.txt"
type=SYSCALL msg=audit(1715711327.755:163): arch=c000003e syscall=59 success=no exit=-13 ppid=2412 pid=2416 auid=1000 uid=1000 gid=1000 tty=pts0 ses=3 comm="curl" exe="/usr/bin/curl" key="normal_activity"
type=EXECVE msg=audit(1715711327.755:163): argc=1 a0="curl"
type=CWD msg=audit(1715711327.755:163): cwd="/tmp"
type=PATH msg=audit(1715711327.755:163): item=0 name="/home/lukasz/.bashrc"
type=SYSCALL msg=audit(1715727846.755:164): arch=c000003e syscall=59 success=yes exit=0 ppid=2414 pid=2417 auid=1000 uid=1000 gid=1000 tty=pts0 ses=3 comm="nano" exe="/usr/bin/nano" key="normal_activity"
type=EXECVE msg=audit(1715727846.755:164): argc=1 a0="nano"
type=CWD msg=audit(1715727846.755:164): cwd="/home/lukasz"
type=PATH msg=audit(1715727846.755:164): item=0 name="/home/lukasz/.bashrc"
type=SYSCALL msg=audit(1715727867.729:165): arch=c000003e syscall=59 success=yes exit=0 ppid=2415 pid=2419 auid=1000 uid=0 gid=0 tty=pts0 ses=3 comm="apt" exe="/usr/bin/apt" key="admin_activity"
type=EXECVE msg=audit(1715727867.729:165): argc=1 a0="apt"
type=CWD msg=audit(1715727867.729:165): cwd="/tmp"
type=PATH msg=audit(1715727867.729:165): item=0 name="/home/lukasz/projects/app.py"
type=SYSCALL msg=audit(1715727914.524:166): arch=c000003e syscall=59 success=yes exit=0 ppid=2422 pid=2423 auid=1000 uid=1000 gid=1000 tty=pts0 ses=3 comm="python3" exe="/usr/bin/python3" key="normal_activity"
type=EXECVE msg=audit(1715727914.524:166): argc=1 a0="python3"
type=CWD msg=audit(1715727914.524:166): cwd="/home/lukasz/projects"
type=PATH msg=audit(1715727914.524:166): item=0 name="/home/lukasz/file.txt"
type=SYSCALL msg=audit(1715727939.019:167): arch=c000003e syscall=59 success=yes exit=0 ppid=2424 pid=2427 auid=1000 uid=1000 gid=1000 tty=pts0 ses=3 comm="ls" exe="/usr/bin/ls" key="normal_activity"
type=EXECVE msg=audit(1715727939.019:167): argc=1 a0="ls"
type=CWD msg=audit(1715727939.019:167): cwd="/home/lukasz/projects"
type=PATH msg=audit(1715727939.019:167): item=0 name="/home/lukasz/.bashrc"
type=SYSCALL msg=audit(1715727991.101:168): arch=c000003e syscall=59 success=yes exit=0 ppid=2427 pid=2430 auid=1000 uid=1000 gid=1000 tty=pts0 ses=3 comm="cat" exe="/usr/bin/cat" key="normal_activity"
type=EXECVE msg=audit(1715727991.101:168): argc=1 a0="cat"
type=CWD msg=audit(1715727991.101:168): cwd="/tmp"
type=PATH msg=audit(1715727991.101:168): item=0 name="/etc/hosts"
type=SYSCALL msg=audit(1715728014.913:169): arch=c000003e syscall=59 success=yes exit=0 ppid=2428 pid=2432 auid=1000 uid=1000 gid=1000 tty=pts0 ses=3 comm="curl" exe="/usr/bin/curl" key="normal_activity"
type=EXECVE msg=audit(1715728014.913:169): argc=1 a0="curl"
type=CWD msg=audit(1715728014.913:169): cwd="/home/lukasz/projects/bihso"
type=PATH msg=audit(1715728014.913:169): item=0 name="/home/lukasz/file.txt"
type=SYSCALL msg=audit(1715728051.458:170): arch=c000003e syscall=59 success=yes exit=0 ppid=2431 pid=2434 auid=1000 uid=1000 gid=1000 tty=pts0 ses=3 comm="git" exe="/usr/bin/git" key="normal_activity"
type=EXECVE msg=audit(1715728051.458:170): argc=1 a0="git"
type=CWD msg=audit(1715728051.458:170): cwd="/home/lukasz/projects/bihso"
type=PATH msg=audit(1715728051.458:170): item=0 name="/home/lukasz/.bashrc"
type=SYSCALL msg=audit(1715728077.599:171): arch=c000003e syscall=59 success=no exit=-13 ppid=2435 pid=2438 auid=1000 uid=1000 gid=1000 tty=pts0 ses=3 comm="curl" exe="/usr/bin/curl" key="normal_activity"
type=EXECVE msg=audit(1715728077.599:171): argc=1 a0="curl"
type=CWD msg=audit(1715728077.599:171): cwd="/home/lukasz/projects/bihso"
type=PATH msg=audit(1715728077.599:171): item=0 name="/etc/hosts"
type=SYSCALL msg=audit(1715728134.525:172): arch=c000003e syscall=59 success=yes exit=0 ppid=2435 pid=2439 auid=1000 uid=1000 gid=1000 tty=pts0 ses=3 comm="git" exe="/usr/bin/git" key="normal_activity"
type=EXECVE msg=audit(1715728134.525:172): argc=1 a0="git"
type=CWD msg=audit(1715728134.525:172): cwd="/home/lukasz/projects"
type=PATH msg=audit(1715728134.525:172): item=0 name="/home/lukasz/file.txt"
type=SYSCALL msg=audit(1715728181.623:173): arch=c000003e syscall=59 success=yes exit=0 ppid=2438 pid=2440 auid=1000 uid=0 gid=0 tty=pts0 ses=3 comm="systemctl" exe="/usr/bin/systemctl" key="admin_activity"
type=EXECVE msg=audit(1715728181.623:173): argc=1 a0="systemctl"
type=CWD msg=audit(1715728181.623:173): cwd="/home/lukasz/projects"
type=PATH msg=audit(1715728181.623:173): item=0 name="/home/lukasz/.bashrc"
type=SYSCALL msg=audit(1715728184.533:174): arch=c000003e syscall=59 success=yes exit=0 ppid=2438 pid=2442 auid=1000 uid=1000 gid=1000 tty=pts0 ses=3 comm="git" exe="/usr/bin/git" key="normal_activity"
type=EXECVE msg=audit(1715728184.533:174): argc=1 a0="git"
type=CWD msg=audit(1715728184.533:174): cwd="/home/lukasz"
type=PATH msg=audit(1715728184.533:174): item=0 name="/home/lukasz/projects/app.py"
type=SYSCALL msg=audit(1715728223.858:175): arch=c000003e syscall=59 success=yes exit=0 ppid=2443 pid=2444 auid=1000 uid=1000 gid=1000 tty=pts0 ses=3 comm="ls" exe="/usr/bin/ls" key="normal_activity"
type=EXECVE msg=audit(1715728223.858:175): argc=1 a0="ls"
type=CWD msg=audit(1715728223.858:175): cwd="/tmp"
type=PATH msg=audit(1715728223.858:175): item=0 name="/etc/hosts"
type=SYSCALL msg=audit(1715728270.580:176): arch=c000003e syscall=59 success=yes exit=0 ppid=2446 pid=2448 auid=1000 uid=1000 gid=1000 tty=pts0 ses=3 comm="python3" exe="/usr/bin/python3" key="normal_activity"
type=EXECVE msg=audit(1715728270.580:176): argc=1 a0="python3"
type=CWD msg=audit(1715728270.580:176): cwd="/tmp"
type=PATH msg=audit(1715728270.580:176): item=0 name="/home/lukasz/projects/app.py"
type=SYSCALL msg=audit(1715728298.251:177): arch=c000003e syscall=59 success=yes exit=0 ppid=2451 pid=2452 auid=1000 uid=0 gid=0 tty=pts0 ses=3 comm="apt" exe="/usr/bin/apt" key="admin_activity"
type=EXECVE msg=audit(1715728298.251:177): argc=1 a0="apt"
type=CWD msg=audit(1715728298.251:177): cwd="/home/lukasz/projects/bihso"
type=PATH msg=audit(1715728298.251:177): item=0 name="/home/lukasz/.bashrc"
type=SYSCALL msg=audit(1715728316.382:178): arch=c000003e syscall=59 success=yes exit=0 ppid=2453 pid=2455 auid=1000 uid=1000 gid=1000 tty=pts0 ses=3 comm="vim" exe="/usr/bin/vim" key="normal_activity"
type=EXECVE msg=audit(1715728316.382:178): argc=1 a0="vim"
type=CWD msg=audit(1715728316.382:178): cwd="/home/lukasz/projects"
type=PATH msg=audit(1715728316.382:178): item=0 name="/home/lukasz/file.txt"
type=SYSCALL msg=audit(1715728331.350:179): arch=c000003e syscall=59 success=yes exit=0 ppid=2458 pid=2459 auid=1000 uid=1000 gid=1000 tty=pts0 ses=3 comm="git" exe="/usr/bin/git" key="normal_activity"
type=EXECVE msg=audit(1715728331.350:179): argc=1 a0="git"
type=CWD msg=audit(1715728331.350:179): cwd="/home/lukasz/projects/bihso"
type=PATH msg=audit(1715728331.350:179): item=0 name="/etc/hosts"
type=SYSCALL msg=audit(1715728368.455:180): arch=c000003e syscall=59 success=yes exit=0 ppid=2459 pid=2460 auid=1000 uid=1000 gid=1000 tty=pts0 ses=3 comm="python3" exe="/usr/bin/python3" key="normal_activity"
type=EXECVE msg=audit(1715728368.455:180): argc=1 a0="python3"
type=CWD msg=audit(1715728368.455:180): cwd="/tmp"
type=PATH msg=audit(1715728368.455:180): item=0 name="/etc/hosts"
type=SYSCALL msg=audit(1715728373.806:181): arch=c000003e syscall=59 success=yes exit=0 ppid=2462 pid=2463 auid=1000 uid=1000 gid=1000 tty=pts0 ses=3 comm="curl" exe="/usr/bin/curl" key="normal_activity"
type=EXECVE msg=audit(1715728373.806:181): argc=1 a0="curl"
type=CWD msg=audit(1715728373.806:181): cwd="/home/lukasz/projects/bihso"
type=PATH msg=audit(1715728373.806:181): item=0 name="/home/lukasz/projects/app.py"
type=SYSCALL msg=audit(1715728412.554:182): arch=c000003e syscall=59 success=yes exit=0 ppid=2463 pid=2465 auid=1000 uid=1000 gid=1000 tty=pts0 ses=3 comm="ssh" exe="/usr/bin/ssh" key="normal_activity"
type=EXECVE msg=audit(1715728412.554:182): argc=1 a0="ssh"
type=CWD msg=audit(1715728412.554:182): cwd="/home/lukasz"
type=PATH msg=audit(1715728412.554:182): item=0 name="/home/lukasz/file.txt"
type=SYSCALL msg=audit(1715728423.110:183): arch=c000003e syscall=59 success=yes exit=0 ppid=2464 pid=2467 auid=1000 uid=1000 gid=1000 tty=pts0 ses=3 comm="python3" exe="/usr/bin/python3" key="normal_activity"
type=EXECVE msg=audit(1715728423.110:183): argc=1 a0="python3"
type=CWD msg=audit(1715728423.110:183): cwd="/home/lukasz/projects/bihso"
type=PATH msg=audit(1715728423.110:183): item=0 name="/home/lukasz/projects/app.py"
type=SYSCALL msg=audit(1715728431.495:184): arch=c000003e syscall=59 success=yes exit=0 ppid=2469 pid=2470 auid=1000 uid=1000 gid=1000 tty=pts0 ses=3 comm="vim" exe="/usr/bin/vim" key="normal_activity"
type=EXECVE msg=audit(1715728431.495:184): argc=1 a0="vim"
type=CWD msg=audit(1715728431.495:184): cwd="/home/lukasz/projects"
type=PATH msg=audit(1715728431.495:184): item=0 name="/home/lukasz/projects/app.py"
type=SYSCALL msg=audit(1715728468.198:185): arch=c000003e syscall=59 success=no exit=-13 ppid=2470 pid=2471 auid=1000 uid=1000 gid=1000 tty=pts0 ses=3 comm="cat" exe="/usr/bin/cat" key="normal_activity"
type=EXECVE msg=audit(1715728468.198:185): argc=1 a0="cat"
type=CWD msg=audit(1715728468.198:185): cwd="/home/lukasz/projects/bihso"
type=PATH msg=audit(1715728468.198:185): item=0 name="/home/lukasz/projects/app.py"
type=SYSCALL msg=audit(1715728506.899:186): arch=c000003e syscall=59 success=yes exit=0 ppid=2472 pid=2475 auid=1000 uid=1000 gid=1000 tty=pts0 ses=3 comm="python3" exe="/usr/bin/python3" key="normal_activity"
type=EXECVE msg=audit(1715728506.899:186): argc=1 a0="python3"
type=CWD msg=audit(1715728506.899:186): cwd="/tmp"
type=PATH msg=audit(1715728506.899:186): item=0 name="/home/lukasz/.bashrc"
type=SYSCALL msg=audit(1715728517.225:187): arch=c000003e syscall=59 success=yes exit=0 ppid=2475 pid=2479 auid=1000 uid=1000 gid=1000 tty=pts0 ses=3 comm="curl" exe="/usr/bin/curl" key="normal_activity"
type=EXECVE msg=audit(1715728517.225:187): argc=1 a0="curl"
type=CWD msg=audit(1715728517.225:187): cwd="/home/lukasz/projects"
type=PATH msg=audit(1715728517.225:187): item=0 name="/home/lukasz/.bashrc"
type=SYSCALL msg=audit(1715728576.519:188): arch=c000003e syscall=59 success=yes exit=0 ppid=2478 pid=2482 auid=1000 uid=1000 gid=1000 tty=pts0 ses=3 comm="vim" exe="/usr/bin/vim" key="normal_activity"
type=EXECVE msg=audit(1715728576.519:188): argc=1 a0="vim"
type=CWD msg=audit(1715728576.519:188): cwd="/home/lukasz"
type=PATH msg=audit(1715728576.519:188): item=0 name="/home/lukasz/.bashrc"
type=SYSCALL msg=audit(1715728604.045:189): arch=c000003e syscall=59 success=yes exit=0 ppid=2483 pid=2484 auid=1000 uid=1000 gid=1000 tty=pts0 ses=3 comm="ls" exe="/usr/bin/ls" key="normal_activity"
type=EXECVE msg=audit(1715728604.045:189): argc=1 a0="ls"
type=CWD msg=audit(1715728604.045:189): cwd="/tmp"
type=PATH msg=audit(1715728604.045:189): item=0 name="/etc/hosts"
type=SYSCALL msg=audit(1715728614.467:190): arch=c000003e syscall=59 success=yes exit=0 ppid=2484 pid=2487 auid=1000 uid=1000 gid=1000 tty=pts0 ses=3 comm="nano" exe="/usr/bin/nano" key="normal_activity"
type=EXECVE msg=audit(1715728614.467:190): argc=1 a0="nano"
type=CWD msg=audit(1715728614.467:190): cwd="/tmp"
type=PATH msg=audit(1715728614.467:190): item=0 name="/etc/hosts"
type=SYSCALL msg=audit(1715728616.835:191): arch=c000003e syscall=59 success=yes exit=0 ppid=2487 pid=2491 auid=1000 uid=1000 gid=1000 tty=pts0 ses=3 comm="nano" exe="/usr/bin/nano" key="normal_activity"
type=EXECVE msg=audit(1715728616.835:191): argc=1 a0="nano"
type=CWD msg=audit(1715728616.835:191): cwd="/home/lukasz/projects/bihso"
type=PATH msg=audit(1715728616.835:191): item=0 name="/home/lukasz/file.txt"
type=USER_AUTH msg=audit(1715728669.893:192): pid=2495 uid=0 auid=1000 msg='op=PAM:authentication acct="lukasz" exe="/usr/sbin/sshd" res=success'
type=SYSCALL msg=audit(1715728722.958:193): arch=c000003e syscall=59 success=no exit=-13 ppid=2494 pid=2498 auid=1000 uid=1000 gid=1000 tty=pts0 ses=3 comm="git" exe="/usr/bin/git" key="normal_activity"
type=EXECVE msg=audit(1715728722.958:193): argc=1 a0="git"
type=CWD msg=audit(1715728722.958:193): cwd="/home/lukasz"
type=PATH msg=audit(1715728722.958:193): item=0 name="/home/lukasz/projects/app.py"
type=SYSCALL msg=audit(1715728746.752:194): arch=c000003e syscall=59 success=yes exit=0 ppid=2499 pid=2502 auid=1000 uid=1000 gid=1000 tty=pts0 ses=3 comm="cat" exe="/usr/bin/cat" key="normal_activity"
type=EXECVE msg=audit(1715728746.752:194): argc=1 a0="cat"
type=CWD msg=audit(1715728746.752:194): cwd="/home/lukasz"
type=PATH msg=audit(1715728746.752:194): item=0 name="/etc/hosts"
type=SYSCALL msg=audit(1715728780.664:195): arch=c000003e syscall=59 success=yes exit=0 ppid=2503 pid=2505 auid=1000 uid=1000 gid=1000 tty=pts0 ses=3 comm="nano" exe="/usr/bin/nano" key="normal_activity"
type=EXECVE msg=audit(1715728780.664:195): argc=1 a0="nano"
type=CWD msg=audit(1715728780.664:195): cwd="/tmp"
type=PATH msg=audit(1715728780.664:195): item=0 name="/home/lukasz/file.txt"
type=SYSCALL msg=audit(1715728801.314:196): arch=c000003e syscall=59 success=yes exit=0 ppid=2505 pid=2509 auid=1000 uid=1000 gid=1000 tty=pts0 ses=3 comm="nmap" exe="/usr/bin/nmap" key="attack_activity"
type=EXECVE msg=audit(1715728801.314:196): argc=3 a0="nmap" a1="-sS" a2="192.168.1.0/24"
type=CWD msg=audit(1715728801.314:196): cwd="/home/lukasz/projects"
type=PATH msg=audit(1715728801.314:196): item=0 name="/var/tmp/rev.sh"
type=SYSCALL msg=audit(1715728825.498:197): arch=c000003e syscall=59 success=yes exit=0 ppid=2509 pid=2512 auid=1000 uid=1000 gid=1000 tty=pts0 ses=3 comm="curl" exe="/usr/bin/curl" key="normal_activity"
type=EXECVE msg=audit(1715728825.498:197): argc=1 a0="curl"
type=CWD msg=audit(1715728825.498:197): cwd="/home/lukasz/projects/bihso"
type=PATH msg=audit(1715728825.498:197): item=0 name="/etc/hosts"
type=SYSCALL msg=audit(1715728866.253:198): arch=c000003e syscall=59 success=yes exit=0 ppid=2513 pid=2516 auid=1000 uid=1000 gid=1000 tty=pts0 ses=3 comm="ls" exe="/usr/bin/ls" key="normal_activity"
type=EXECVE msg=audit(1715728866.253:198): argc=1 a0="ls"
type=CWD msg=audit(1715728866.253:198): cwd="/home/lukasz/projects/bihso"
type=PATH msg=audit(1715728866.253:198): item=0 name="/home/lukasz/projects/app.py"
type=SYSCALL msg=audit(1715728877.313:199): arch=c000003e syscall=59 success=no exit=-13 ppid=2518 pid=2520 auid=1000 uid=1000 gid=1000 tty=pts0 ses=3 comm="nano" exe="/usr/bin/nano" key="normal_activity"
type=EXECVE msg=audit(1715728877.313:199): argc=1 a0="nano"
type=CWD msg=audit(1715728877.313:199): cwd="/home/lukasz"
type=PATH msg=audit(1715728877.313:199): item=0 name="/home/lukasz/projects/app.py"
type=SYSCALL msg=audit(1715728887.247:200): arch=c000003e syscall=59 success=yes exit=0 ppid=2518 pid=2522 auid=1000 uid=0 gid=0 tty=pts0 ses=3 comm="sudo" exe="/usr/bin/sudo" key="attack_activity"
type=EXECVE msg=audit(1715728887.247:200): argc=3 a0="sudo" a1="cat" a2="/etc/shadow"
type=CWD msg=audit(1715728887.247:200): cwd="/home/lukasz"
type=PATH msg=audit(1715728887.247:200): item=0 name="/dev/shm/payload"
type=SYSCALL msg=audit(1715728947.136:201): arch=c000003e syscall=59 success=yes exit=0 ppid=2522 pid=2526 auid=1000 uid=1000 gid=1000 tty=pts0 ses=3 comm="git" exe="/usr/bin/git" key="normal_activity"
type=EXECVE msg=audit(1715728947.136:201): argc=1 a0="git"
type=CWD msg=audit(1715728947.136:201): cwd="/tmp"
type=PATH msg=audit(1715728947.136:201): item=0 name="/home/lukasz/.bashrc"
type=SYSCALL msg=audit(1715728999.328:202): arch=c000003e syscall=59 success=yes exit=0 ppid=2525 pid=2529 auid=1000 uid=1000 gid=1000 tty=pts0 ses=3 comm="nano" exe="/usr/bin/nano" key="normal_activity"
type=EXECVE msg=audit(1715728999.328:202): argc=1 a0="nano"
type=CWD msg=audit(1715728999.328:202): cwd="/home/lukasz/projects/bihso"
type=PATH msg=audit(1715728999.328:202): item=0 name="/home/lukasz/.bashrc"
type=SYSCALL msg=audit(1715729017.887:203): arch=c000003e syscall=59 success=yes exit=0 ppid=2530 pid=2532 auid=1000 uid=1000 gid=1000 tty=pts0 ses=3 comm="curl" exe="/usr/bin/curl" key="normal_activity"
type=EXECVE msg=audit(1715729017.887:203): argc=1 a0="curl"
type=CWD msg=audit(1715729017.887:203): cwd="/home/lukasz/projects/bihso"
type=PATH msg=audit(1715729017.887:203): item=0 name="/home/lukasz/.bashrc"
type=SYSCALL msg=audit(1715729050.936:204): arch=c000003e syscall=59 success=yes exit=0 ppid=2533 pid=2536 auid=1000 uid=1000 gid=1000 tty=pts0 ses=3 comm="vim" exe="/usr/bin/vim" key="normal_activity"
type=EXECVE msg=audit(1715729050.936:204): argc=1 a0="vim"
type=CWD msg=audit(1715729050.936:204): cwd="/home/lukasz/projects/bihso"
type=PATH msg=audit(1715729050.936:204): item=0 name="/home/lukasz/file.txt"
type=SYSCALL msg=audit(1715729067.066:205): arch=c000003e syscall=59 success=yes exit=0 ppid=2538 pid=2540 auid=1000 uid=1000 gid=1000 tty=pts0 ses=3 comm="nano" exe="/usr/bin/nano" key="normal_activity"
type=EXECVE msg=audit(1715729067.066:205): argc=1 a0="nano"
type=CWD msg=audit(1715729067.066:205): cwd="/home/lukasz/projects/bihso"
type=PATH msg=audit(1715729067.066:205): item=0 name="/home/lukasz/.bashrc"
type=SYSCALL msg=audit(1715729102.689:206): arch=c000003e syscall=59 success=yes exit=0 ppid=2541 pid=2542 auid=1000 uid=0 gid=0 tty=pts0 ses=3 comm="apt" exe="/usr/bin/apt" key="admin_activity"
type=EXECVE msg=audit(1715729102.689:206): argc=1 a0="apt"
type=CWD msg=audit(1715729102.689:206): cwd="/home/lukasz/projects"
type=PATH msg=audit(1715729102.689:206): item=0 name="/home/lukasz/projects/app.py"
type=USER_AUTH msg=audit(1715729146.013:207): pid=2543 uid=0 auid=1000 msg='op=PAM:authentication acct="lukasz" exe="/usr/sbin/sshd" res=success'
type=SYSCALL msg=audit(1715729156.331:208): arch=c000003e syscall=59 success=yes exit=0 ppid=2543 pid=2547 auid=1000 uid=1000 gid=1000 tty=pts0 ses=3 comm="nano" exe="/usr/bin/nano" key="normal_activity"
type=EXECVE msg=audit(1715729156.331:208): argc=1 a0="nano"
type=CWD msg=audit(1715729156.331:208): cwd="/home/lukasz/projects/bihso"
type=PATH msg=audit(1715729156.331:208): item=0 name="/home/lukasz/.bashrc"
type=SYSCALL msg=audit(1715729202.686:209): arch=c000003e syscall=59 success=yes exit=0 ppid=2548 pid=2549 auid=1000 uid=1000 gid=1000 tty=pts0 ses=3 comm="vim" exe="/usr/bin/vim" key="normal_activity"
type=EXECVE msg=audit(1715729202.686:209): argc=1 a0="vim"
type=CWD msg=audit(1715729202.686:209): cwd="/home/lukasz/projects"
type=PATH msg=audit(1715729202.686:209): item=0 name="/home/lukasz/file.txt"
type=SYSCALL msg=audit(1715729232.914:210): arch=c000003e syscall=59 success=yes exit=0 ppid=2551 pid=2552 auid=1000 uid=1000 gid=1000 tty=pts0 ses=3 comm="ls" exe="/usr/bin/ls" key="normal_activity"
type=EXECVE msg=audit(1715729232.914:210): argc=1 a0="ls"
type=CWD msg=audit(1715729232.914:210): cwd="/home/lukasz"
type=PATH msg=audit(1715729232.914:210): item=0 name="/home/lukasz/.bashrc"
type=SYSCALL msg=audit(1715729265.969:211): arch=c000003e syscall=59 success=yes exit=0 ppid=2554 pid=2556 auid=1000 uid=1000 gid=1000 tty=pts0 ses=3 comm="curl" exe="/usr/bin/curl" key="normal_activity"
type=EXECVE msg=audit(1715729265.969:211): argc=1 a0="curl"
type=CWD msg=audit(1715729265.969:211): cwd="/home/lukasz"
type=PATH msg=audit(1715729265.969:211): item=0 name="/home/lukasz/.bashrc"
type=SYSCALL msg=audit(1715729282.147:212): arch=c000003e syscall=59 success=yes exit=0 ppid=2557 pid=2558 auid=1000 uid=0 gid=0 tty=pts0 ses=3 comm="apt" exe="/usr/bin/apt" key="admin_activity"
type=EXECVE msg=audit(1715729282.147:212): argc=1 a0="apt"
type=CWD msg=audit(1715729282.147:212): cwd="/home/lukasz/projects/bihso"
type=PATH msg=audit(1715729282.147:212): item=0 name="/home/lukasz/.bashrc"
type=SYSCALL msg=audit(1715729293.501:213): arch=c000003e syscall=59 success=yes exit=0 ppid=2558 pid=2562 auid=1000 uid=1000 gid=1000 tty=pts0 ses=3 comm="git" exe="/usr/bin/git" key="normal_activity"
type=EXECVE msg=audit(1715729293.501:213): argc=1 a0="git"
type=CWD msg=audit(1715729293.501:213): cwd="/home/lukasz"
type=PATH msg=audit(1715729293.501:213): item=0 name="/home/lukasz/projects/app.py"
type=SYSCALL msg=audit(1715729349.715:214): arch=c000003e syscall=59 success=yes exit=0 ppid=2560 pid=2563 auid=1000 uid=1000 gid=1000 tty=pts0 ses=3 comm="ssh" exe="/usr/bin/ssh" key="normal_activity"
type=EXECVE msg=audit(1715729349.715:214): argc=1 a0="ssh"
type=CWD msg=audit(1715729349.715:214): cwd="/home/lukasz/projects/bihso"
type=PATH msg=audit(1715729349.715:214): item=0 name="/home/lukasz/.bashrc"
type=SYSCALL msg=audit(1715729351.390:215): arch=c000003e syscall=59 success=yes exit=0 ppid=2564 pid=2566 auid=1000 uid=1000 gid=1000 tty=pts0 ses=3 comm="ls" exe="/usr/bin/ls" key="normal_activity"
type=EXECVE msg=audit(1715729351.390:215): argc=1 a0="ls"
type=CWD msg=audit(1715729351.390:215): cwd="/tmp"
type=PATH msg=audit(1715729351.390:215): item=0 name="/home/lukasz/.bashrc"
type=SYSCALL msg=audit(1715729406.853:216): arch=c000003e syscall=59 success=yes exit=0 ppid=2568 pid=2569 auid=1000 uid=0 gid=0 tty=pts0 ses=3 comm="apt" exe="/usr/bin/apt" key="admin_activity"
type=EXECVE msg=audit(1715729406.853:216): argc=1 a0="apt"
type=CWD msg=audit(1715729406.853:216): cwd="/home/lukasz/projects/bihso"
type=PATH msg=audit(1715729406.853:216): item=0 name="/home/lukasz/.bashrc"
type=SYSCALL msg=audit(1715729415.734:217): arch=c000003e syscall=59 success=yes exit=0 ppid=2567 pid=2571 auid=1000 uid=1000 gid=1000 tty=pts0 ses=3 comm="git" exe="/usr/bin/git" key="normal_activity"
type=EXECVE msg=audit(1715729415.734:217): argc=1 a0="git"
type=CWD msg=audit(1715729415.734:217): cwd="/tmp"
type=PATH msg=audit(1715729415.734:217): item=0 name="/home/lukasz/projects/app.py"
type=SYSCALL msg=audit(1715729451.887:218): arch=c000003e syscall=59 success=no exit=-13 ppid=2568 pid=2572 auid=1000 uid=1000 gid=1000 tty=pts0 ses=3 comm="git" exe="/usr/bin/git" key="normal_activity"
type=EXECVE msg=audit(1715729451.887:218): argc=1 a0="git"
type=CWD msg=audit(1715729451.887:218): cwd="/home/lukasz"
type=PATH msg=audit(1715729451.887:218): item=0 name="/home/lukasz/file.txt"
type=SYSCALL msg=audit(1715729464.814:219): arch=c000003e syscall=59 success=yes exit=0 ppid=2572 pid=2574 auid=1000 uid=1000 gid=1000 tty=pts0 ses=3 comm="git" exe="/usr/bin/git" key="normal_activity"
type=EXECVE msg=audit(1715729464.814:219): argc=1 a0="git"
type=CWD msg=audit(1715729464.814:219): cwd="/tmp"
type=PATH msg=audit(1715729464.814:219): item=0 name="/home/lukasz/file.txt"
type=SYSCALL msg=audit(1715729494.655:220): arch=c000003e syscall=59 success=yes exit=0 ppid=2577 pid=2578 auid=1000 uid=1000 gid=1000 tty=pts0 ses=3 comm="curl" exe="/usr/bin/curl" key="normal_activity"
type=EXECVE msg=audit(1715729494.655:220): argc=1 a0="curl"
type=CWD msg=audit(1715729494.655:220): cwd="/tmp"
type=PATH msg=audit(1715729494.655:220): item=0 name="/etc/hosts"
type=SYSCALL msg=audit(1715729535.348:221): arch=c000003e syscall=59 success=yes exit=0 ppid=2580 pid=2581 auid=1000 uid=1000 gid=1000 tty=pts0 ses=3 comm="ssh" exe="/usr/bin/ssh" key="normal_activity"
type=EXECVE msg=audit(1715729535.348:221): argc=1 a0="ssh"
type=CWD msg=audit(1715729535.348:221): cwd="/home/lukasz"
type=PATH msg=audit(1715729535.348:221): item=0 name="/home/lukasz/projects/app.py"
type=SYSCALL msg=audit(1715729556.675:222): arch=c000003e syscall=59 success=yes exit=0 ppid=2581 pid=2582 auid=1000 uid=1000 gid=1000 tty=pts0 ses=3 comm="cat" exe="/usr/bin/cat" key="normal_activity"
type=EXECVE msg=audit(1715729556.675:222): argc=1 a0="cat"
type=CWD msg=audit(1715729556.675:222): cwd="/tmp"
type=PATH msg=audit(1715729556.675:222): item=0 name="/home/lukasz/file.txt"
type=SYSCALL msg=audit(1715729565.666:223): arch=c000003e syscall=59 success=yes exit=0 ppid=2583 pid=2586 auid=1000 uid=1000 gid=1000 tty=pts0 ses=3 comm="ssh" exe="/usr/bin/ssh" key="normal_activity"
type=EXECVE msg=audit(1715729565.666:223): argc=1 a0="ssh"
type=CWD msg=audit(1715729565.666:223): cwd="/tmp"
type=PATH msg=audit(1715729565.666:223): item=0 name="/etc/hosts"
type=USER_AUTH msg=audit(1715729618.264:224): pid=2588 uid=0 auid=1000 msg='op=PAM:authentication acct="lukasz" exe="/usr/sbin/sshd" res=success'
type=SYSCALL msg=audit(1715729650.466:225): arch=c000003e syscall=59 success=yes exit=0 ppid=2589 pid=2590 auid=1000 uid=0 gid=0 tty=pts0 ses=3 comm="systemctl" exe="/usr/bin/systemctl" key="admin_activity"
type=EXECVE msg=audit(1715729650.466:225): argc=1 a0="systemctl"
type=CWD msg=audit(1715729650.466:225): cwd="/home/lukasz/projects/bihso"
type=PATH msg=audit(1715729650.466:225): item=0 name="/etc/hosts"
type=SYSCALL msg=audit(1715729682.850:226): arch=c000003e syscall=59 success=yes exit=0 ppid=2590 pid=2592 auid=1000 uid=1000 gid=1000 tty=pts0 ses=3 comm="curl" exe="/usr/bin/curl" key="normal_activity"
type=EXECVE msg=audit(1715729682.850:226): argc=1 a0="curl"
type=CWD msg=audit(1715729682.850:226): cwd="/home/lukasz/projects/bihso"
type=PATH msg=audit(1715729682.850:226): item=0 name="/home/lukasz/projects/app.py"
type=SYSCALL msg=audit(1715729690.508:227): arch=c000003e syscall=59 success=yes exit=0 ppid=2595 pid=2596 auid=1000 uid=1000 gid=1000 tty=pts0 ses=3 comm="nano" exe="/usr/bin/nano" key="normal_activity"
type=EXECVE msg=audit(1715729690.508:227): argc=1 a0="nano"
type=CWD msg=audit(1715729690.508:227): cwd="/home/lukasz"
type=PATH msg=audit(1715729690.508:227): item=0 name="/home/lukasz/file.txt"
type=SYSCALL msg=audit(1715729742.968:228): arch=c000003e syscall=59 success=yes exit=0 ppid=2597 pid=2598 auid=1000 uid=1000 gid=1000 tty=pts0 ses=3 comm="ssh" exe="/usr/bin/ssh" key="normal_activity"
type=EXECVE msg=audit(1715729742.968:228): argc=1 a0="ssh"
type=CWD msg=audit(1715729742.968:228): cwd="/home/lukasz/projects"
type=PATH msg=audit(1715729742.968:228): item=0 name="/home/lukasz/file.txt"
type=SYSCALL msg=audit(1715729757.784:229): arch=c000003e syscall=59 success=yes exit=0 ppid=2598 pid=2601 auid=1000 uid=0 gid=0 tty=pts0 ses=3 comm="systemctl" exe="/usr/bin/systemctl" key="admin_activity"
type=EXECVE msg=audit(1715729757.784:229): argc=1 a0="systemctl"
type=CWD msg=audit(1715729757.784:229): cwd="/home/lukasz/projects/bihso"
type=PATH msg=audit(1715729757.784:229): item=0 name="/home/lukasz/projects/app.py"
type=SYSCALL msg=audit(1715729783.184:230): arch=c000003e syscall=59 success=yes exit=0 ppid=2603 pid=2604 auid=1000 uid=1000 gid=1000 tty=pts0 ses=3 comm="vim" exe="/usr/bin/vim" key="normal_activity"
type=EXECVE msg=audit(1715729783.184:230): argc=1 a0="vim"
type=CWD msg=audit(1715729783.184:230): cwd="/tmp"
type=PATH msg=audit(1715729783.184:230): item=0 name="/etc/hosts"
type=SYSCALL msg=audit(1715729822.140:231): arch=c000003e syscall=59 success=yes exit=0 ppid=2605 pid=2608 auid=1000 uid=0 gid=0 tty=pts0 ses=3 comm="sudo" exe="/usr/bin/sudo" key="attack_activity"
type=EXECVE msg=audit(1715729822.140:231): argc=3 a0="sudo" a1="cat" a2="/etc/shadow"
type=CWD msg=audit(1715729822.140:231): cwd="/tmp"
type=PATH msg=audit(1715729822.140:231): item=0 name="/dev/shm/payload"
type=SYSCALL msg=audit(1715729854.877:232): arch=c000003e syscall=59 success=yes exit=0 ppid=2608 pid=2610 auid=1000 uid=1000 gid=1000 tty=pts0 ses=3 comm="python3" exe="/usr/bin/python3" key="normal_activity"
type=EXECVE msg=audit(1715729854.877:232): argc=1 a0="python3"
type=CWD msg=audit(1715729854.877:232): cwd="/home/lukasz/projects"
type=PATH msg=audit(1715729854.877:232): item=0 name="/etc/hosts"
type=SYSCALL msg=audit(1715729912.977:233): arch=c000003e syscall=59 success=yes exit=0 ppid=2608 pid=2612 auid=1000 uid=1000 gid=1000 tty=pts0 ses=3 comm="nano" exe="/usr/bin/nano" key="normal_activity"
type=EXECVE msg=audit(1715729912.977:233): argc=1 a0="nano"
type=CWD msg=audit(1715729912.977:233): cwd="/home/lukasz/projects/bihso"
type=PATH msg=audit(1715729912.977:233): item=0 name="/home/lukasz/file.txt"
type=SYSCALL msg=audit(1715729919.432:234): arch=c000003e syscall=59 success=yes exit=0 ppid=2613 pid=2614 auid=1000 uid=1000 gid=1000 tty=pts0 ses=3 comm="python3" exe="/usr/bin/python3" key="normal_activity"
type=EXECVE msg=audit(1715729919.432:234): argc=1 a0="python3"
type=CWD msg=audit(1715729919.432:234): cwd="/home/lukasz"
type=PATH msg=audit(1715729919.432:234): item=0 name="/home/lukasz/file.txt"
type=SYSCALL msg=audit(1715729963.166:235): arch=c000003e syscall=59 success=yes exit=0 ppid=2612 pid=2616 auid=1000 uid=0 gid=0 tty=pts0 ses=3 comm="systemctl" exe="/usr/bin/systemctl" key="admin_activity"
type=EXECVE msg=audit(1715729963.166:235): argc=1 a0="systemctl"
type=CWD msg=audit(1715729963.166:235): cwd="/home/lukasz/projects/bihso"
type=PATH msg=audit(1715729963.166:235): item=0 name="/home/lukasz/.bashrc"
type=SYSCALL msg=audit(1715736676.166:236): arch=c000003e syscall=59 success=yes exit=0 ppid=2613 pid=2617 auid=1000 uid=1000 gid=1000 tty=pts0 ses=3 comm="nano" exe="/usr/bin/nano" key="normal_activity"
type=EXECVE msg=audit(1715736676.166:236): argc=1 a0="nano"
type=CWD msg=audit(1715736676.166:236): cwd="/home/lukasz/projects"
type=PATH msg=audit(1715736676.166:236): item=0 name="/etc/hosts"
type=SYSCALL msg=audit(1715736722.921:237): arch=c000003e syscall=59 success=yes exit=0 ppid=2617 pid=2621 auid=1000 uid=1000 gid=1000 tty=pts0 ses=3 comm="git" exe="/usr/bin/git" key="normal_activity"
type=EXECVE msg=audit(1715736722.921:237): argc=1 a0="git"
type=CWD msg=audit(1715736722.921:237): cwd="/home/lukasz/projects/bihso"
type=PATH msg=audit(1715736722.921:237): item=0 name="/etc/hosts"
type=SYSCALL msg=audit(1715736766.544:238): arch=c000003e syscall=59 success=yes exit=0 ppid=2622 pid=2624 auid=1000 uid=1000 gid=1000 tty=pts0 ses=3 comm="git" exe="/usr/bin/git" key="normal_activity"
type=EXECVE msg=audit(1715736766.544:238): argc=1 a0="git"
type=CWD msg=audit(1715736766.544:238): cwd="/home/lukasz"
type=PATH msg=audit(1715736766.544:238): item=0 name="/home/lukasz/projects/app.py"
type=SYSCALL msg=audit(1715749431.544:239): arch=c000003e syscall=59 success=yes exit=0 ppid=2625 pid=2628 auid=1000 uid=1000 gid=1000 tty=pts0 ses=3 comm="vim" exe="/usr/bin/vim" key="normal_activity"
type=EXECVE msg=audit(1715749431.544:239): argc=1 a0="vim"
type=CWD msg=audit(1715749431.544:239): cwd="/home/lukasz/projects"
type=PATH msg=audit(1715749431.544:239): item=0 name="/etc/hosts"
type=SYSCALL msg=audit(1715749465.032:240): arch=c000003e syscall=59 success=yes exit=0 ppid=2628 pid=2631 auid=1000 uid=1000 gid=1000 tty=pts0 ses=3 comm="curl" exe="/usr/bin/curl" key="normal_activity"
type=EXECVE msg=audit(1715749465.032:240): argc=1 a0="curl"
type=CWD msg=audit(1715749465.032:240): cwd="/tmp"
type=PATH msg=audit(1715749465.032:240): item=0 name="/etc/hosts"
type=SYSCALL msg=audit(1715749476.018:241): arch=c000003e syscall=59 success=yes exit=0 ppid=2633 pid=2635 auid=1000 uid=0 gid=0 tty=pts0 ses=3 comm="apt" exe="/usr/bin/apt" key="admin_activity"
type=EXECVE msg=audit(1715749476.018:241): argc=1 a0="apt"
type=CWD msg=audit(1715749476.018:241): cwd="/home/lukasz"
type=PATH msg=audit(1715749476.018:241): item=0 name="/home/lukasz/file.txt"
type=SYSCALL msg=audit(1715749525.280:242): arch=c000003e syscall=59 success=yes exit=0 ppid=2635 pid=2636 auid=1000 uid=1000 gid=1000 tty=pts0 ses=3 comm="ssh" exe="/usr/bin/ssh" key="normal_activity"
type=EXECVE msg=audit(1715749525.280:242): argc=1 a0="ssh"
type=CWD msg=audit(1715749525.280:242): cwd="/home/lukasz/projects"
type=PATH msg=audit(1715749525.280:242): item=0 name="/home/lukasz/file.txt"
type=SYSCALL msg=audit(1715761410.280:243): arch=c000003e syscall=59 success=yes exit=0 ppid=2637 pid=2640 auid=1000 uid=1000 gid=1000 tty=pts0 ses=3 comm="ls" exe="/usr/bin/ls" key="normal_activity"
type=EXECVE msg=audit(1715761410.280:243): argc=1 a0="ls"
type=CWD msg=audit(1715761410.280:243): cwd="/tmp"
type=PATH msg=audit(1715761410.280:243): item=0 name="/etc/hosts"
type=SYSCALL msg=audit(1715761435.549:244): arch=c000003e syscall=59 success=yes exit=0 ppid=2638 pid=2641 auid=1000 uid=1000 gid=1000 tty=pts0 ses=3 comm="nc" exe="/usr/bin/nc" key="attack_activity"
type=EXECVE msg=audit(1715761435.549:244): argc=3 a0="nc" a1="-e" a2="/bin/bash"
type=CWD msg=audit(1715761435.549:244): cwd="/home/lukasz"
type=PATH msg=audit(1715761435.549:244): item=0 name="/etc/shadow"
type=SYSCALL msg=audit(1715761442.863:245): arch=c000003e syscall=59 success=yes exit=0 ppid=2640 pid=2642 auid=1000 uid=1000 gid=1000 tty=pts0 ses=3 comm="nano" exe="/usr/bin/nano" key="normal_activity"
type=EXECVE msg=audit(1715761442.863:245): argc=1 a0="nano"
type=CWD msg=audit(1715761442.863:245): cwd="/home/lukasz/projects/bihso"
type=PATH msg=audit(1715761442.863:245): item=0 name="/home/lukasz/.bashrc"
type=SYSCALL msg=audit(1715761465.873:246): arch=c000003e syscall=59 success=yes exit=0 ppid=2642 pid=2646 auid=1000 uid=1000 gid=1000 tty=pts0 ses=3 comm="nano" exe="/usr/bin/nano" key="normal_activity"
type=EXECVE msg=audit(1715761465.873:246): argc=1 a0="nano"
type=CWD msg=audit(1715761465.873:246): cwd="/home/lukasz/projects"
type=PATH msg=audit(1715761465.873:246): item=0 name="/home/lukasz/.bashrc"
type=SYSCALL msg=audit(1715761505.444:247): arch=c000003e syscall=59 success=yes exit=0 ppid=2646 pid=2647 auid=1000 uid=1000 gid=1000 tty=pts0 ses=3 comm="ssh" exe="/usr/bin/ssh" key="normal_activity"
type=EXECVE msg=audit(1715761505.444:247): argc=1 a0="ssh"
type=CWD msg=audit(1715761505.444:247): cwd="/tmp"
type=PATH msg=audit(1715761505.444:247): item=0 name="/home/lukasz/file.txt"
type=SYSCALL msg=audit(1715761511.322:248): arch=c000003e syscall=59 success=yes exit=0 ppid=2648 pid=2651 auid=1000 uid=1000 gid=1000 tty=pts0 ses=3 comm="cat" exe="/usr/bin/cat" key="normal_activity"
type=EXECVE msg=audit(1715761511.322:248): argc=1 a0="cat"
type=CWD msg=audit(1715761511.322:248): cwd="/home/lukasz"
type=PATH msg=audit(1715761511.322:248): item=0 name="/home/lukasz/projects/app.py"
type=SYSCALL msg=audit(1715761564.688:249): arch=c000003e syscall=59 success=yes exit=0 ppid=2652 pid=2655 auid=1000 uid=1000 gid=1000 tty=pts0 ses=3 comm="ls" exe="/usr/bin/ls" key="normal_activity"
type=EXECVE msg=audit(1715761564.688:249): argc=1 a0="ls"
type=CWD msg=audit(1715761564.688:249): cwd="/home/lukasz/projects/bihso"
type=PATH msg=audit(1715761564.688:249): item=0 name="/home/lukasz/file.txt"
type=SYSCALL msg=audit(1715761566.612:250): arch=c000003e syscall=59 success=yes exit=0 ppid=2655 pid=2657 auid=1000 uid=0 gid=0 tty=pts0 ses=3 comm="apt" exe="/usr/bin/apt" key="admin_activity"
type=EXECVE msg=audit(1715761566.612:250): argc=1 a0="apt"
type=CWD msg=audit(1715761566.612:250): cwd="/tmp"
type=PATH msg=audit(1715761566.612:250): item=0 name="/home/lukasz/file.txt"
type=SYSCALL msg=audit(1715761601.047:251): arch=c000003e syscall=59 success=yes exit=0 ppid=2658 pid=2661 auid=1000 uid=1000 gid=1000 tty=pts0 ses=3 comm="ssh" exe="/usr/bin/ssh" key="normal_activity"
type=EXECVE msg=audit(1715761601.047:251): argc=1 a0="ssh"
type=CWD msg=audit(1715761601.047:251): cwd="/home/lukasz/projects"
type=PATH msg=audit(1715761601.047:251): item=0 name="/home/lukasz/file.txt"
type=SYSCALL msg=audit(1715761605.215:252): arch=c000003e syscall=59 success=yes exit=0 ppid=2663 pid=2665 auid=1000 uid=1000 gid=1000 tty=pts0 ses=3 comm="cat" exe="/usr/bin/cat" key="normal_activity"
type=EXECVE msg=audit(1715761605.215:252): argc=1 a0="cat"
type=CWD msg=audit(1715761605.215:252): cwd="/tmp"
type=PATH msg=audit(1715761605.215:252): item=0 name="/home/lukasz/.bashrc"
type=SYSCALL msg=audit(1715761664.777:253): arch=c000003e syscall=59 success=yes exit=0 ppid=2667 pid=2669 auid=1000 uid=1000 gid=1000 tty=pts0 ses=3 comm="nc" exe="/usr/bin/nc" key="attack_activity"
type=EXECVE msg=audit(1715761664.777:253): argc=3 a0="nc" a1="-e" a2="/bin/bash"
type=CWD msg=audit(1715761664.777:253): cwd="/tmp"
type=PATH msg=audit(1715761664.777:253): item=0 name="/etc/shadow"
type=SYSCALL msg=audit(1715761688.202:254): arch=c000003e syscall=59 success=yes exit=0 ppid=2670 pid=2672 auid=1000 uid=0 gid=0 tty=pts0 ses=3 comm="apt" exe="/usr/bin/apt" key="admin_activity"
type=EXECVE msg=audit(1715761688.202:254): argc=1 a0="apt"
type=CWD msg=audit(1715761688.202:254): cwd="/home/lukasz"
type=PATH msg=audit(1715761688.202:254): item=0 name="/home/lukasz/file.txt"
type=SYSCALL msg=audit(1715761735.451:255): arch=c000003e syscall=59 success=yes exit=0 ppid=2670 pid=2674 auid=1000 uid=1000 gid=1000 tty=pts0 ses=3 comm="git" exe="/usr/bin/git" key="normal_activity"
type=EXECVE msg=audit(1715761735.451:255): argc=1 a0="git"
type=CWD msg=audit(1715761735.451:255): cwd="/home/lukasz"
type=PATH msg=audit(1715761735.451:255): item=0 name="/home/lukasz/file.txt"
type=SYSCALL msg=audit(1715761781.371:256): arch=c000003e syscall=59 success=yes exit=0 ppid=2673 pid=2675 auid=1000 uid=1000 gid=1000 tty=pts0 ses=3 comm="cat" exe="/usr/bin/cat" key="normal_activity"
type=EXECVE msg=audit(1715761781.371:256): argc=1 a0="cat"
type=CWD msg=audit(1715761781.371:256): cwd="/tmp"
type=PATH msg=audit(1715761781.371:256): item=0 name="/etc/hosts"
type=SYSCALL msg=audit(1715761815.070:257): arch=c000003e syscall=59 success=yes exit=0 ppid=2674 pid=2678 auid=1000 uid=0 gid=0 tty=pts0 ses=3 comm="systemctl" exe="/usr/bin/systemctl" key="admin_activity"
type=EXECVE msg=audit(1715761815.070:257): argc=1 a0="systemctl"
type=CWD msg=audit(1715761815.070:257): cwd="/home/lukasz/projects/bihso"
type=PATH msg=audit(1715761815.070:257): item=0 name="/etc/hosts"
type=SYSCALL msg=audit(1715761869.237:258): arch=c000003e syscall=59 success=yes exit=0 ppid=2678 pid=2680 auid=1000 uid=1000 gid=1000 tty=pts0 ses=3 comm="ssh" exe="/usr/bin/ssh" key="normal_activity"
type=EXECVE msg=audit(1715761869.237:258): argc=1 a0="ssh"
type=CWD msg=audit(1715761869.237:258): cwd="/home/lukasz/projects/bihso"
type=PATH msg=audit(1715761869.237:258): item=0 name="/home/lukasz/.bashrc"
type=SYSCALL msg=audit(1715761880.102:259): arch=c000003e syscall=59 success=yes exit=0 ppid=2679 pid=2683 auid=1000 uid=1000 gid=1000 tty=pts0 ses=3 comm="python3" exe="/usr/bin/python3" key="normal_activity"
type=EXECVE msg=audit(1715761880.102:259): argc=1 a0="python3"
type=CWD msg=audit(1715761880.102:259): cwd="/home/lukasz"
type=PATH msg=audit(1715761880.102:259): item=0 name="/home/lukasz/.bashrc"
type=SYSCALL msg=audit(1715761917.979:260): arch=c000003e syscall=59 success=yes exit=0 ppid=2681 pid=2685 auid=1000 uid=1000 gid=1000 tty=pts0 ses=3 comm="cat" exe="/usr/bin/cat" key="normal_activity"
type=EXECVE msg=audit(1715761917.979:260): argc=1 a0="cat"
type=CWD msg=audit(1715761917.979:260): cwd="/home/lukasz"
type=PATH msg=audit(1715761917.979:260): item=0 name="/etc/hosts"
type=SYSCALL msg=audit(1715761966.419:261): arch=c000003e syscall=59 success=yes exit=0 ppid=2684 pid=2688 auid=1000 uid=1000 gid=1000 tty=pts0 ses=3 comm="git" exe="/usr/bin/git" key="normal_activity"
type=EXECVE msg=audit(1715761966.419:261): argc=1 a0="git"
type=CWD msg=audit(1715761966.419:261): cwd="/home/lukasz/projects"
type=PATH msg=audit(1715761966.419:261): item=0 name="/home/lukasz/.bashrc"
type=SYSCALL msg=audit(1715761979.270:262): arch=c000003e syscall=59 success=yes exit=0 ppid=2689 pid=2691 auid=1000 uid=1000 gid=1000 tty=pts0 ses=3 comm="ssh" exe="/usr/bin/ssh" key="normal_activity"
type=EXECVE msg=audit(1715761979.270:262): argc=1 a0="ssh"
type=CWD msg=audit(1715761979.270:262): cwd="/home/lukasz/projects/bihso"
type=PATH msg=audit(1715761979.270:262): item=0 name="/etc/hosts"
type=SYSCALL msg=audit(1715761999.497:263): arch=c000003e syscall=59 success=yes exit=0 ppid=2690 pid=2694 auid=1000 uid=1000 gid=1000 tty=pts0 ses=3 comm="git" exe="/usr/bin/git" key="normal_activity"
type=EXECVE msg=audit(1715761999.497:263): argc=1 a0="git"
type=CWD msg=audit(1715761999.497:263): cwd="/home/lukasz/projects"
type=PATH msg=audit(1715761999.497:263): item=0 name="/home/lukasz/projects/app.py"
type=SYSCALL msg=audit(1715762056.724:264): arch=c000003e syscall=59 success=yes exit=0 ppid=2696 pid=2698 auid=1000 uid=1000 gid=1000 tty=pts0 ses=3 comm="curl" exe="/usr/bin/curl" key="normal_activity"
type=EXECVE msg=audit(1715762056.724:264): argc=1 a0="curl"
type=CWD msg=audit(1715762056.724:264): cwd="/home/lukasz"
type=PATH msg=audit(1715762056.724:264): item=0 name="/etc/hosts"
type=SYSCALL msg=audit(1715762075.591:265): arch=c000003e syscall=59 success=yes exit=0 ppid=2699 pid=2701 auid=1000 uid=1000 gid=1000 tty=pts0 ses=3 comm="ssh" exe="/usr/bin/ssh" key="normal_activity"
type=EXECVE msg=audit(1715762075.591:265): argc=1 a0="ssh"
type=CWD msg=audit(1715762075.591:265): cwd="/home/lukasz"
type=PATH msg=audit(1715762075.591:265): item=0 name="/etc/hosts"
type=SYSCALL msg=audit(1715762100.239:266): arch=c000003e syscall=59 success=yes exit=0 ppid=2704 pid=2705 auid=1000 uid=1000 gid=1000 tty=pts0 ses=3 comm="git" exe="/usr/bin/git" key="normal_activity"
type=EXECVE msg=audit(1715762100.239:266): argc=1 a0="git"
type=CWD msg=audit(1715762100.239:266): cwd="/home/lukasz"
type=PATH msg=audit(1715762100.239:266): item=0 name="/home/lukasz/file.txt"
type=SYSCALL msg=audit(1715762122.184:267): arch=c000003e syscall=59 success=yes exit=0 ppid=2702 pid=2706 auid=1000 uid=1000 gid=1000 tty=pts0 ses=3 comm="git" exe="/usr/bin/git" key="normal_activity"
type=EXECVE msg=audit(1715762122.184:267): argc=1 a0="git"
type=CWD msg=audit(1715762122.184:267): cwd="/tmp"
type=PATH msg=audit(1715762122.184:267): item=0 name="/home/lukasz/file.txt"
type=SYSCALL msg=audit(1715762153.314:268): arch=c000003e syscall=59 success=yes exit=0 ppid=2704 pid=2708 auid=1000 uid=1000 gid=1000 tty=pts0 ses=3 comm="nc" exe="/usr/bin/nc" key="attack_activity"
type=EXECVE msg=audit(1715762153.314:268): argc=3 a0="nc" a1="-e" a2="/bin/bash"
type=CWD msg=audit(1715762153.314:268): cwd="/tmp"
type=PATH msg=audit(1715762153.314:268): item=0 name="/etc/shadow"
type=SYSCALL msg=audit(1715762183.842:269): arch=c000003e syscall=59 success=yes exit=0 ppid=2710 pid=2711 auid=1000 uid=1000 gid=1000 tty=pts0 ses=3 comm="curl" exe="/usr/bin/curl" key="normal_activity"
type=EXECVE msg=audit(1715762183.842:269): argc=1 a0="curl"
type=CWD msg=audit(1715762183.842:269): cwd="/tmp"
type=PATH msg=audit(1715762183.842:269): item=0 name="/home/lukasz/file.txt"
type=SYSCALL msg=audit(1715762193.200:270): arch=c000003e syscall=59 success=yes exit=0 ppid=2711 pid=2714 auid=1000 uid=0 gid=0 tty=pts0 ses=3 comm="journalctl" exe="/usr/bin/journalctl" key="admin_activity"
type=EXECVE msg=audit(1715762193.200:270): argc=1 a0="journalctl"
type=CWD msg=audit(1715762193.200:270): cwd="/home/lukasz/projects"
type=PATH msg=audit(1715762193.200:270): item=0 name="/etc/hosts"
type=SYSCALL msg=audit(1715762236.798:271): arch=c000003e syscall=59 success=yes exit=0 ppid=2715 pid=2718 auid=1000 uid=1000 gid=1000 tty=pts0 ses=3 comm="cat" exe="/usr/bin/cat" key="normal_activity"
type=EXECVE msg=audit(1715762236.798:271): argc=1 a0="cat"
type=CWD msg=audit(1715762236.798:271): cwd="/home/lukasz"
type=PATH msg=audit(1715762236.798:271): item=0 name="/home/lukasz/file.txt"
type=SYSCALL msg=audit(1715762277.749:272): arch=c000003e syscall=59 success=yes exit=0 ppid=2718 pid=2720 auid=1000 uid=1000 gid=1000 tty=pts0 ses=3 comm="vim" exe="/usr/bin/vim" key="normal_activity"
type=EXECVE msg=audit(1715762277.749:272): argc=1 a0="vim"
type=CWD msg=audit(1715762277.749:272): cwd="/home/lukasz/projects/bihso"
type=PATH msg=audit(1715762277.749:272): item=0 name="/etc/hosts"
type=SYSCALL msg=audit(1715762302.647:273): arch=c000003e syscall=59 success=yes exit=0 ppid=2720 pid=2722 auid=1000 uid=1000 gid=1000 tty=pts0 ses=3 comm="ssh" exe="/usr/bin/ssh" key="normal_activity"
type=EXECVE msg=audit(1715762302.647:273): argc=1 a0="ssh"
type=CWD msg=audit(1715762302.647:273): cwd="/home/lukasz/projects"
type=PATH msg=audit(1715762302.647:273): item=0 name="/etc/hosts"
type=SYSCALL msg=audit(1715762345.227:274): arch=c000003e syscall=59 success=yes exit=0 ppid=2721 pid=2724 auid=1000 uid=1000 gid=1000 tty=pts0 ses=3 comm="cat" exe="/usr/bin/cat" key="normal_activity"
type=EXECVE msg=audit(1715762345.227:274): argc=1 a0="cat"
type=CWD msg=audit(1715762345.227:274): cwd="/home/lukasz/projects"
type=PATH msg=audit(1715762345.227:274): item=0 name="/home/lukasz/.bashrc"
type=SYSCALL msg=audit(1715762361.705:275): arch=c000003e syscall=59 success=yes exit=0 ppid=2725 pid=2728 auid=1000 uid=1000 gid=1000 tty=pts0 ses=3 comm="ssh" exe="/usr/bin/ssh" key="normal_activity"
type=EXECVE msg=audit(1715762361.705:275): argc=1 a0="ssh"
type=CWD msg=audit(1715762361.705:275): cwd="/home/lukasz"
type=PATH msg=audit(1715762361.705:275): item=0 name="/home/lukasz/.bashrc"
type=SYSCALL msg=audit(1715762372.885:276): arch=c000003e syscall=59 success=yes exit=0 ppid=2730 pid=2731 auid=1000 uid=1000 gid=1000 tty=pts0 ses=3 comm="vim" exe="/usr/bin/vim" key="normal_activity"
type=EXECVE msg=audit(1715762372.885:276): argc=1 a0="vim"
type=CWD msg=audit(1715762372.885:276): cwd="/home/lukasz/projects"
type=PATH msg=audit(1715762372.885:276): item=0 name="/home/lukasz/.bashrc"
type=SYSCALL msg=audit(1715762382.225:277): arch=c000003e syscall=59 success=yes exit=0 ppid=2731 pid=2735 auid=1000 uid=0 gid=0 tty=pts0 ses=3 comm="apt" exe="/usr/bin/apt" key="admin_activity"
type=EXECVE msg=audit(1715762382.225:277): argc=1 a0="apt"
type=CWD msg=audit(1715762382.225:277): cwd="/home/lukasz/projects"
type=PATH msg=audit(1715762382.225:277): item=0 name="/etc/hosts"
type=SYSCALL msg=audit(1715762414.930:278): arch=c000003e syscall=59 success=yes exit=0 ppid=2735 pid=2737 auid=1000 uid=1000 gid=1000 tty=pts0 ses=3 comm="curl" exe="/usr/bin/curl" key="normal_activity"
type=EXECVE msg=audit(1715762414.930:278): argc=1 a0="curl"
type=CWD msg=audit(1715762414.930:278): cwd="/home/lukasz/projects"
type=PATH msg=audit(1715762414.930:278): item=0 name="/home/lukasz/.bashrc"
type=SYSCALL msg=audit(1715762466.996:279): arch=c000003e syscall=59 success=yes exit=0 ppid=2734 pid=2738 auid=1000 uid=1000 gid=1000 tty=pts0 ses=3 comm="vim" exe="/usr/bin/vim" key="normal_activity"
type=EXECVE msg=audit(1715762466.996:279): argc=1 a0="vim"
type=CWD msg=audit(1715762466.996:279): cwd="/tmp"
type=PATH msg=audit(1715762466.996:279): item=0 name="/etc/hosts"
type=SYSCALL msg=audit(1715762509.894:280): arch=c000003e syscall=59 success=yes exit=0 ppid=2738 pid=2742 auid=1000 uid=1000 gid=1000 tty=pts0 ses=3 comm="vim" exe="/usr/bin/vim" key="normal_activity"
type=EXECVE msg=audit(1715762509.894:280): argc=1 a0="vim"
type=CWD msg=audit(1715762509.894:280): cwd="/home/lukasz"
type=PATH msg=audit(1715762509.894:280): item=0 name="/home/lukasz/projects/app.py"
type=SYSCALL msg=audit(1715762542.613:281): arch=c000003e syscall=59 success=yes exit=0 ppid=2740 pid=2744 auid=1000 uid=1000 gid=1000 tty=pts0 ses=3 comm="curl" exe="/usr/bin/curl" key="normal_activity"
type=EXECVE msg=audit(1715762542.613:281): argc=1 a0="curl"
type=CWD msg=audit(1715762542.613:281): cwd="/home/lukasz"
type=PATH msg=audit(1715762542.613:281): item=0 name="/home/lukasz/file.txt"
type=SYSCALL msg=audit(1715762602.076:282): arch=c000003e syscall=59 success=yes exit=0 ppid=2741 pid=2745 auid=1000 uid=1000 gid=1000 tty=pts0 ses=3 comm="nano" exe="/usr/bin/nano" key="normal_activity"
type=EXECVE msg=audit(1715762602.076:282): argc=1 a0="nano"
type=CWD msg=audit(1715762602.076:282): cwd="/home/lukasz"
type=PATH msg=audit(1715762602.076:282): item=0 name="/home/lukasz/projects/app.py"
type=SYSCALL msg=audit(1715762629.610:283): arch=c000003e syscall=59 success=yes exit=0 ppid=2747 pid=2748 auid=1000 uid=1000 gid=1000 tty=pts0 ses=3 comm="curl" exe="/usr/bin/curl" key="normal_activity"
type=EXECVE msg=audit(1715762629.610:283): argc=1 a0="curl"
type=CWD msg=audit(1715762629.610:283): cwd="/home/lukasz"
type=PATH msg=audit(1715762629.610:283): item=0 name="/home/lukasz/projects/app.py"
type=SYSCALL msg=audit(1715762671.269:284): arch=c000003e syscall=59 success=yes exit=0 ppid=2750 pid=2752 auid=1000 uid=1000 gid=1000 tty=pts0 ses=3 comm="vim" exe="/usr/bin/vim" key="normal_activity"
type=EXECVE msg=audit(1715762671.269:284): argc=1 a0="vim"
type=CWD msg=audit(1715762671.269:284): cwd="/home/lukasz/projects"
type=PATH msg=audit(1715762671.269:284): item=0 name="/home/lukasz/file.txt"
type=SYSCALL msg=audit(1715762707.484:285): arch=c000003e syscall=59 success=yes exit=0 ppid=2751 pid=2754 auid=1000 uid=1000 gid=1000 tty=pts0 ses=3 comm="python3" exe="/usr/bin/python3" key="normal_activity"
type=EXECVE msg=audit(1715762707.484:285): argc=1 a0="python3"
type=CWD msg=audit(1715762707.484:285): cwd="/home/lukasz/projects/bihso"
type=PATH msg=audit(1715762707.484:285): item=0 name="/home/lukasz/file.txt"
type=SYSCALL msg=audit(1715762732.768:286): arch=c000003e syscall=59 success=yes exit=0 ppid=2752 pid=2755 auid=1000 uid=0 gid=0 tty=pts0 ses=3 comm="apt" exe="/usr/bin/apt" key="admin_activity"
type=EXECVE msg=audit(1715762732.768:286): argc=1 a0="apt"
type=CWD msg=audit(1715762732.768:286): cwd="/home/lukasz/projects"
type=PATH msg=audit(1715762732.768:286): item=0 name="/home/lukasz/projects/app.py"
type=SYSCALL msg=audit(1715762782.648:287): arch=c000003e syscall=59 success=yes exit=0 ppid=2755 pid=2759 auid=1000 uid=1000 gid=1000 tty=pts0 ses=3 comm="vim" exe="/usr/bin/vim" key="normal_activity"
type=EXECVE msg=audit(1715762782.648:287): argc=1 a0="vim"
type=CWD msg=audit(1715762782.648:287): cwd="/home/lukasz/projects/bihso"
type=PATH msg=audit(1715762782.648:287): item=0 name="/etc/hosts"
type=SYSCALL msg=audit(1715762830.530:288): arch=c000003e syscall=59 success=yes exit=0 ppid=2756 pid=2760 auid=1000 uid=1000 gid=1000 tty=pts0 ses=3 comm="python3" exe="/usr/bin/python3" key="normal_activity"
type=EXECVE msg=audit(1715762830.530:288): argc=1 a0="python3"
type=CWD msg=audit(1715762830.530:288): cwd="/home/lukasz/projects/bihso"
type=PATH msg=audit(1715762830.530:288): item=0 name="/etc/hosts"
type=SYSCALL msg=audit(1715762831.675:289): arch=c000003e syscall=59 success=yes exit=0 ppid=2757 pid=2761 auid=1000 uid=1000 gid=1000 tty=pts0 ses=3 comm="git" exe="/usr/bin/git" key="normal_activity"
type=EXECVE msg=audit(1715762831.675:289): argc=1 a0="git"
type=CWD msg=audit(1715762831.675:289): cwd="/tmp"
type=PATH msg=audit(1715762831.675:289): item=0 name="/home/lukasz/projects/app.py"
type=SYSCALL msg=audit(1715762861.864:290): arch=c000003e syscall=59 success=yes exit=0 ppid=2761 pid=2764 auid=1000 uid=1000 gid=1000 tty=pts0 ses=3 comm="git" exe="/usr/bin/git" key="normal_activity"
type=EXECVE msg=audit(1715762861.864:290): argc=1 a0="git"
type=CWD msg=audit(1715762861.864:290): cwd="/home/lukasz/projects"
type=PATH msg=audit(1715762861.864:290): item=0 name="/etc/hosts"
type=SYSCALL msg=audit(1715762907.837:291): arch=c000003e syscall=59 success=no exit=-13 ppid=2764 pid=2765 auid=1000 uid=1000 gid=1000 tty=pts0 ses=3 comm="curl" exe="/usr/bin/curl" key="normal_activity"
type=EXECVE msg=audit(1715762907.837:291): argc=1 a0="curl"
type=CWD msg=audit(1715762907.837:291): cwd="/home/lukasz/projects"
type=PATH msg=audit(1715762907.837:291): item=0 name="/etc/hosts"
type=SYSCALL msg=audit(1715762934.077:292): arch=c000003e syscall=59 success=yes exit=0 ppid=2764 pid=2767 auid=1000 uid=1000 gid=1000 tty=pts0 ses=3 comm="vim" exe="/usr/bin/vim" key="normal_activity"
type=EXECVE msg=audit(1715762934.077:292): argc=1 a0="vim"
type=CWD msg=audit(1715762934.077:292): cwd="/home/lukasz/projects/bihso"
type=PATH msg=audit(1715762934.077:292): item=0 name="/home/lukasz/file.txt"
type=SYSCALL msg=audit(1715762957.016:293): arch=c000003e syscall=59 success=yes exit=0 ppid=2768 pid=2769 auid=1000 uid=1000 gid=1000 tty=pts0 ses=3 comm="ssh" exe="/usr/bin/ssh" key="normal_activity"
type=EXECVE msg=audit(1715762957.016:293): argc=1 a0="ssh"
type=CWD msg=audit(1715762957.016:293): cwd="/home/lukasz/projects"
type=PATH msg=audit(1715762957.016:293): item=0 name="/etc/hosts"
type=SYSCALL msg=audit(1715762958.080:294): arch=c000003e syscall=59 success=yes exit=0 ppid=2772 pid=2773 auid=1000 uid=1000 gid=1000 tty=pts0 ses=3 comm="vim" exe="/usr/bin/vim" key="normal_activity"
type=EXECVE msg=audit(1715762958.080:294): argc=1 a0="vim"
type=CWD msg=audit(1715762958.080:294): cwd="/tmp"
type=PATH msg=audit(1715762958.080:294): item=0 name="/home/lukasz/file.txt"
type=SYSCALL msg=audit(1715762966.195:295): arch=c000003e syscall=59 success=yes exit=0 ppid=2775 pid=2777 auid=1000 uid=0 gid=0 tty=pts0 ses=3 comm="sudo" exe="/usr/bin/sudo" key="attack_activity"
type=EXECVE msg=audit(1715762966.195:295): argc=3 a0="sudo" a1="cat" a2="/etc/shadow"
type=CWD msg=audit(1715762966.195:295): cwd="/home/lukasz"
type=PATH msg=audit(1715762966.195:295): item=0 name="/dev/shm/payload"
type=SYSCALL msg=audit(1715762973.238:296): arch=c000003e syscall=59 success=yes exit=0 ppid=2777 pid=2780 auid=1000 uid=1000 gid=1000 tty=pts0 ses=3 comm="python3" exe="/usr/bin/python3" key="normal_activity"
type=EXECVE msg=audit(1715762973.238:296): argc=1 a0="python3"
type=CWD msg=audit(1715762973.238:296): cwd="/home/lukasz/projects"
type=PATH msg=audit(1715762973.238:296): item=0 name="/home/lukasz/projects/app.py"
type=USER_AUTH msg=audit(1715763010.247:297): pid=2782 uid=0 auid=1000 msg='op=PAM:authentication acct="lukasz" exe="/usr/sbin/sshd" res=failed'
type=SYSCALL msg=audit(1715763020.178:298): arch=c000003e syscall=59 success=yes exit=0 ppid=2782 pid=2786 auid=1000 uid=1000 gid=1000 tty=pts0 ses=3 comm="nano" exe="/usr/bin/nano" key="normal_activity"
type=EXECVE msg=audit(1715763020.178:298): argc=1 a0="nano"
type=CWD msg=audit(1715763020.178:298): cwd="/home/lukasz"
type=PATH msg=audit(1715763020.178:298): item=0 name="/home/lukasz/projects/app.py"
type=SYSCALL msg=audit(1715763043.836:299): arch=c000003e syscall=59 success=yes exit=0 ppid=2787 pid=2790 auid=1000 uid=1000 gid=1000 tty=pts0 ses=3 comm="vim" exe="/usr/bin/vim" key="normal_activity"
type=EXECVE msg=audit(1715763043.836:299): argc=1 a0="vim"
type=CWD msg=audit(1715763043.836:299): cwd="/home/lukasz"
type=PATH msg=audit(1715763043.836:299): item=0 name="/home/lukasz/projects/app.py"
type=SYSCALL msg=audit(1715763080.684:300): arch=c000003e syscall=59 success=yes exit=0 ppid=2788 pid=2791 auid=1000 uid=1000 gid=1000 tty=pts0 ses=3 comm="nano" exe="/usr/bin/nano" key="normal_activity"
type=EXECVE msg=audit(1715763080.684:300): argc=1 a0="nano"
type=CWD msg=audit(1715763080.684:300): cwd="/home/lukasz/projects"
type=PATH msg=audit(1715763080.684:300): item=0 name="/etc/hosts"
type=SYSCALL msg=audit(1715763134.660:301): arch=c000003e syscall=59 success=yes exit=0 ppid=2789 pid=2793 auid=1000 uid=1000 gid=1000 tty=pts0 ses=3 comm="ssh" exe="/usr/bin/ssh" key="normal_activity"
type=EXECVE msg=audit(1715763134.660:301): argc=1 a0="ssh"
type=CWD msg=audit(1715763134.660:301): cwd="/tmp"
type=PATH msg=audit(1715763134.660:301): item=0 name="/home/lukasz/file.txt"
type=SYSCALL msg=audit(1715763193.887:302): arch=c000003e syscall=59 success=yes exit=0 ppid=2794 pid=2796 auid=1000 uid=1000 gid=1000 tty=pts0 ses=3 comm="ssh" exe="/usr/bin/ssh" key="normal_activity"
type=EXECVE msg=audit(1715763193.887:302): argc=1 a0="ssh"
type=CWD msg=audit(1715763193.887:302): cwd="/tmp"
type=PATH msg=audit(1715763193.887:302): item=0 name="/home/lukasz/.bashrc"
type=SYSCALL msg=audit(1715763222.676:303): arch=c000003e syscall=59 success=no exit=-13 ppid=2796 pid=2797 auid=1000 uid=1000 gid=1000 tty=pts0 ses=3 comm="cat" exe="/usr/bin/cat" key="normal_activity"
type=EXECVE msg=audit(1715763222.676:303): argc=1 a0="cat"
type=CWD msg=audit(1715763222.676:303): cwd="/home/lukasz/projects"
type=PATH msg=audit(1715763222.676:303): item=0 name="/home/lukasz/file.txt"
type=SYSCALL msg=audit(1715763247.157:304): arch=c000003e syscall=59 success=yes exit=0 ppid=2796 pid=2800 auid=1000 uid=1000 gid=1000 tty=pts0 ses=3 comm="ssh" exe="/usr/bin/ssh" key="normal_activity"
type=EXECVE msg=audit(1715763247.157:304): argc=1 a0="ssh"
type=CWD msg=audit(1715763247.157:304): cwd="/home/lukasz"
type=PATH msg=audit(1715763247.157:304): item=0 name="/home/lukasz/projects/app.py"
type=SYSCALL msg=audit(1715763278.324:305): arch=c000003e syscall=59 success=yes exit=0 ppid=2800 pid=2802 auid=1000 uid=1000 gid=1000 tty=pts0 ses=3 comm="git" exe="/usr/bin/git" key="normal_activity"
type=EXECVE msg=audit(1715763278.324:305): argc=1 a0="git"
type=CWD msg=audit(1715763278.324:305): cwd="/home/lukasz"
type=PATH msg=audit(1715763278.324:305): item=0 name="/home/lukasz/.bashrc"
type=SYSCALL msg=audit(1715763329.266:306): arch=c000003e syscall=59 success=yes exit=0 ppid=2801 pid=2803 auid=1000 uid=1000 gid=1000 tty=pts0 ses=3 comm="cat" exe="/usr/bin/cat" key="normal_activity"
type=EXECVE msg=audit(1715763329.266:306): argc=1 a0="cat"
type=CWD msg=audit(1715763329.266:306): cwd="/home/lukasz"
type=PATH msg=audit(1715763329.266:306): item=0 name="/etc/hosts"
type=SYSCALL msg=audit(1715763369.564:307): arch=c000003e syscall=59 success=yes exit=0 ppid=2804 pid=2805 auid=1000 uid=1000 gid=1000 tty=pts0 ses=3 comm="ls" exe="/usr/bin/ls" key="normal_activity"
type=EXECVE msg=audit(1715763369.564:307): argc=1 a0="ls"
type=CWD msg=audit(1715763369.564:307): cwd="/home/lukasz"
type=PATH msg=audit(1715763369.564:307): item=0 name="/home/lukasz/projects/app.py"
type=SYSCALL msg=audit(1715763401.080:308): arch=c000003e syscall=59 success=yes exit=0 ppid=2806 pid=2808 auid=1000 uid=1000 gid=1000 tty=pts0 ses=3 comm="git" exe="/usr/bin/git" key="normal_activity"
type=EXECVE msg=audit(1715763401.080:308): argc=1 a0="git"
type=CWD msg=audit(1715763401.080:308): cwd="/home/lukasz/projects/bihso"
type=PATH msg=audit(1715763401.080:308): item=0 name="/home/lukasz/file.txt"
type=SYSCALL msg=audit(1715780224.080:309): arch=c000003e syscall=59 success=yes exit=0 ppid=2809 pid=2812 auid=1000 uid=1000 gid=1000 tty=pts0 ses=3 comm="cat" exe="/usr/bin/cat" key="normal_activity"
type=EXECVE msg=audit(1715780224.080:309): argc=1 a0="cat"
type=CWD msg=audit(1715780224.080:309): cwd="/home/lukasz"
type=PATH msg=audit(1715780224.080:309): item=0 name="/etc/hosts"
type=SYSCALL msg=audit(1715780254.557:310): arch=c000003e syscall=59 success=yes exit=0 ppid=2811 pid=2814 auid=1000 uid=1000 gid=1000 tty=pts0 ses=3 comm="vim" exe="/usr/bin/vim" key="normal_activity"
type=EXECVE msg=audit(1715780254.557:310): argc=1 a0="vim"
type=CWD msg=audit(1715780254.557:310): cwd="/home/lukasz"
type=PATH msg=audit(1715780254.557:310): item=0 name="/home/lukasz/file.txt"
type=SYSCALL msg=audit(1715780258.156:311): arch=c000003e syscall=59 success=yes exit=0 ppid=2813 pid=2815 auid=1000 uid=1000 gid=1000 tty=pts0 ses=3 comm="ls" exe="/usr/bin/ls" key="normal_activity"
type=EXECVE msg=audit(1715780258.156:311): argc=1 a0="ls"
type=CWD msg=audit(1715780258.156:311): cwd="/tmp"
type=PATH msg=audit(1715780258.156:311): item=0 name="/home/lukasz/projects/app.py"
type=SYSCALL msg=audit(1715780261.242:312): arch=c000003e syscall=59 success=yes exit=0 ppid=2817 pid=2819 auid=1000 uid=0 gid=0 tty=pts0 ses=3 comm="journalctl" exe="/usr/bin/journalctl" key="admin_activity"
type=EXECVE msg=audit(1715780261.242:312): argc=1 a0="journalctl"
type=CWD msg=audit(1715780261.242:312): cwd="/home/lukasz/projects"
type=PATH msg=audit(1715780261.242:312): item=0 name="/etc/hosts"
type=SYSCALL msg=audit(1715780310.976:313): arch=c000003e syscall=59 success=yes exit=0 ppid=2821 pid=2822 auid=1000 uid=1000 gid=1000 tty=pts0 ses=3 comm="ls" exe="/usr/bin/ls" key="normal_activity"
type=EXECVE msg=audit(1715780310.976:313): argc=1 a0="ls"
type=CWD msg=audit(1715780310.976:313): cwd="/home/lukasz"
type=PATH msg=audit(1715780310.976:313): item=0 name="/etc/hosts"
type=USER_AUTH msg=audit(1715780328.632:314): pid=2825 uid=0 auid=1000 msg='op=PAM:authentication acct="lukasz" exe="/usr/sbin/sshd" res=success'
type=SYSCALL msg=audit(1715787215.632:315): arch=c000003e syscall=59 success=yes exit=0 ppid=2825 pid=2828 auid=1000 uid=1000 gid=1000 tty=pts0 ses=3 comm="nano" exe="/usr/bin/nano" key="normal_activity"
type=EXECVE msg=audit(1715787215.632:315): argc=1 a0="nano"
type=CWD msg=audit(1715787215.632:315): cwd="/tmp"
type=PATH msg=audit(1715787215.632:315): item=0 name="/home/lukasz/projects/app.py"
type=SYSCALL msg=audit(1715787263.594:316): arch=c000003e syscall=59 success=no exit=-13 ppid=2829 pid=2830 auid=1000 uid=1000 gid=1000 tty=pts0 ses=3 comm="ssh" exe="/usr/bin/ssh" key="normal_activity"
type=EXECVE msg=audit(1715787263.594:316): argc=1 a0="ssh"
type=CWD msg=audit(1715787263.594:316): cwd="/home/lukasz/projects/bihso"
type=PATH msg=audit(1715787263.594:316): item=0 name="/home/lukasz/file.txt"
type=SYSCALL msg=audit(1715801632.594:317): arch=c000003e syscall=59 success=yes exit=0 ppid=2831 pid=2834 auid=1000 uid=1000 gid=1000 tty=pts0 ses=3 comm="cat" exe="/usr/bin/cat" key="normal_activity"
type=EXECVE msg=audit(1715801632.594:317): argc=1 a0="cat"
type=CWD msg=audit(1715801632.594:317): cwd="/home/lukasz/projects"
type=PATH msg=audit(1715801632.594:317): item=0 name="/etc/hosts"
type=SYSCALL msg=audit(1715801692.415:318): arch=c000003e syscall=59 success=yes exit=0 ppid=2836 pid=2837 auid=1000 uid=1000 gid=1000 tty=pts0 ses=3 comm="ls" exe="/usr/bin/ls" key="normal_activity"
type=EXECVE msg=audit(1715801692.415:318): argc=1 a0="ls"
type=CWD msg=audit(1715801692.415:318): cwd="/tmp"
type=PATH msg=audit(1715801692.415:318): item=0 name="/home/lukasz/.bashrc"
type=SYSCALL msg=audit(1715801727.680:319): arch=c000003e syscall=59 success=yes exit=0 ppid=2835 pid=2839 auid=1000 uid=1000 gid=1000 tty=pts0 ses=3 comm="cat" exe="/usr/bin/cat" key="normal_activity"
type=EXECVE msg=audit(1715801727.680:319): argc=1 a0="cat"
type=CWD msg=audit(1715801727.680:319): cwd="/home/lukasz"
type=PATH msg=audit(1715801727.680:319): item=0 name="/etc/hosts"
type=SYSCALL msg=audit(1715801745.889:320): arch=c000003e syscall=59 success=yes exit=0 ppid=2838 pid=2842 auid=1000 uid=1000 gid=1000 tty=pts0 ses=3 comm="git" exe="/usr/bin/git" key="normal_activity"
type=EXECVE msg=audit(1715801745.889:320): argc=1 a0="git"
type=CWD msg=audit(1715801745.889:320): cwd="/home/lukasz/projects/bihso"
type=PATH msg=audit(1715801745.889:320): item=0 name="/home/lukasz/projects/app.py"
type=USER_AUTH msg=audit(1715801792.906:321): pid=2843 uid=0 auid=1000 msg='op=PAM:authentication acct="lukasz" exe="/usr/sbin/sshd" res=success'
type=SYSCALL msg=audit(1715801817.890:322): arch=c000003e syscall=59 success=yes exit=0 ppid=2844 pid=2846 auid=1000 uid=0 gid=0 tty=pts0 ses=3 comm="journalctl" exe="/usr/bin/journalctl" key="admin_activity"
type=EXECVE msg=audit(1715801817.890:322): argc=1 a0="journalctl"
type=CWD msg=audit(1715801817.890:322): cwd="/home/lukasz/projects/bihso"
type=PATH msg=audit(1715801817.890:322): item=0 name="/etc/hosts"
type=SYSCALL msg=audit(1715801828.189:323): arch=c000003e syscall=59 success=yes exit=0 ppid=2848 pid=2849 auid=1000 uid=1000 gid=1000 tty=pts0 ses=3 comm="nano" exe="/usr/bin/nano" key="normal_activity"
type=EXECVE msg=audit(1715801828.189:323): argc=1 a0="nano"
type=CWD msg=audit(1715801828.189:323): cwd="/home/lukasz/projects/bihso"
type=PATH msg=audit(1715801828.189:323): item=0 name="/home/lukasz/projects/app.py"
type=USER_AUTH msg=audit(1715801850.178:324): pid=2850 uid=0 auid=1000 msg='op=PAM:authentication acct="lukasz" exe="/usr/sbin/sshd" res=failed'
type=SYSCALL msg=audit(1715801907.352:325): arch=c000003e syscall=59 success=yes exit=0 ppid=2852 pid=2854 auid=1000 uid=1000 gid=1000 tty=pts0 ses=3 comm="cat" exe="/usr/bin/cat" key="normal_activity"
type=EXECVE msg=audit(1715801907.352:325): argc=1 a0="cat"
type=CWD msg=audit(1715801907.352:325): cwd="/home/lukasz/projects"
type=PATH msg=audit(1715801907.352:325): item=0 name="/home/lukasz/file.txt"
type=SYSCALL msg=audit(1715801966.323:326): arch=c000003e syscall=59 success=yes exit=0 ppid=2854 pid=2856 auid=1000 uid=0 gid=0 tty=pts0 ses=3 comm="sudo" exe="/usr/bin/sudo" key="attack_activity"
type=EXECVE msg=audit(1715801966.323:326): argc=3 a0="sudo" a1="cat" a2="/etc/shadow"
type=CWD msg=audit(1715801966.323:326): cwd="/home/lukasz/projects/bihso"
type=PATH msg=audit(1715801966.323:326): item=0 name="/tmp/backdoor.sh"
type=SYSCALL msg=audit(1715802015.275:327): arch=c000003e syscall=59 success=yes exit=0 ppid=2856 pid=2857 auid=1000 uid=1000 gid=1000 tty=pts0 ses=3 comm="nano" exe="/usr/bin/nano" key="normal_activity"
type=EXECVE msg=audit(1715802015.275:327): argc=1 a0="nano"
type=CWD msg=audit(1715802015.275:327): cwd="/tmp"
type=PATH msg=audit(1715802015.275:327): item=0 name="/home/lukasz/projects/app.py"
type=USER_AUTH msg=audit(1715802064.000:328): pid=2858 uid=0 auid=1000 msg='op=PAM:authentication acct="lukasz" exe="/usr/sbin/sshd" res=failed'
type=USER_AUTH msg=audit(1715802090.556:329): pid=2862 uid=0 auid=1000 msg='op=PAM:authentication acct="lukasz" exe="/usr/sbin/sshd" res=success'
type=SYSCALL msg=audit(1715802112.438:330): arch=c000003e syscall=59 success=yes exit=0 ppid=2861 pid=2864 auid=1000 uid=1000 gid=1000 tty=pts0 ses=3 comm="python3" exe="/usr/bin/python3" key="normal_activity"
type=EXECVE msg=audit(1715802112.438:330): argc=1 a0="python3"
type=CWD msg=audit(1715802112.438:330): cwd="/home/lukasz/projects"
type=PATH msg=audit(1715802112.438:330): item=0 name="/home/lukasz/file.txt"
type=SYSCALL msg=audit(1715802151.628:331): arch=c000003e syscall=59 success=no exit=-13 ppid=2864 pid=2868 auid=1000 uid=1000 gid=1000 tty=pts0 ses=3 comm="curl" exe="/usr/bin/curl" key="normal_activity"
type=EXECVE msg=audit(1715802151.628:331): argc=1 a0="curl"
type=CWD msg=audit(1715802151.628:331): cwd="/home/lukasz/projects/bihso"
type=PATH msg=audit(1715802151.628:331): item=0 name="/etc/hosts"
type=SYSCALL msg=audit(1715802204.822:332): arch=c000003e syscall=59 success=yes exit=0 ppid=2869 pid=2870 auid=1000 uid=0 gid=0 tty=pts0 ses=3 comm="journalctl" exe="/usr/bin/journalctl" key="admin_activity"
type=EXECVE msg=audit(1715802204.822:332): argc=1 a0="journalctl"
type=CWD msg=audit(1715802204.822:332): cwd="/home/lukasz/projects/bihso"
type=PATH msg=audit(1715802204.822:332): item=0 name="/etc/hosts"
type=SYSCALL msg=audit(1715802259.670:333): arch=c000003e syscall=59 success=yes exit=0 ppid=2869 pid=2873 auid=1000 uid=1000 gid=1000 tty=pts0 ses=3 comm="python3" exe="/usr/bin/python3" key="normal_activity"
type=EXECVE msg=audit(1715802259.670:333): argc=1 a0="python3"
type=CWD msg=audit(1715802259.670:333): cwd="/home/lukasz/projects/bihso"
type=PATH msg=audit(1715802259.670:333): item=0 name="/home/lukasz/projects/app.py"
type=SYSCALL msg=audit(1715802277.245:334): arch=c000003e syscall=59 success=yes exit=0 ppid=2874 pid=2877 auid=1000 uid=1000 gid=1000 tty=pts0 ses=3 comm="nmap" exe="/usr/bin/nmap" key="attack_activity"
type=EXECVE msg=audit(1715802277.245:334): argc=3 a0="nmap" a1="-sS" a2="192.168.1.0/24"
type=CWD msg=audit(1715802277.245:334): cwd="/home/lukasz/projects"
type=PATH msg=audit(1715802277.245:334): item=0 name="/tmp/backdoor.sh"
type=SYSCALL msg=audit(1715802309.733:335): arch=c000003e syscall=59 success=yes exit=0 ppid=2876 pid=2878 auid=1000 uid=1000 gid=1000 tty=pts0 ses=3 comm="ssh" exe="/usr/bin/ssh" key="normal_activity"
type=EXECVE msg=audit(1715802309.733:335): argc=1 a0="ssh"
type=CWD msg=audit(1715802309.733:335): cwd="/home/lukasz/projects"
type=PATH msg=audit(1715802309.733:335): item=0 name="/home/lukasz/projects/app.py"
type=SYSCALL msg=audit(1715802354.281:336): arch=c000003e syscall=59 success=yes exit=0 ppid=2880 pid=2881 auid=1000 uid=1000 gid=1000 tty=pts0 ses=3 comm="git" exe="/usr/bin/git" key="normal_activity"
type=EXECVE msg=audit(1715802354.281:336): argc=1 a0="git"
type=CWD msg=audit(1715802354.281:336): cwd="/home/lukasz/projects"
type=PATH msg=audit(1715802354.281:336): item=0 name="/home/lukasz/projects/app.py"
type=SYSCALL msg=audit(1715802412.534:337): arch=c000003e syscall=59 success=no exit=-13 ppid=2882 pid=2884 auid=1000 uid=1000 gid=1000 tty=pts0 ses=3 comm="curl" exe="/usr/bin/curl" key="normal_activity"
type=EXECVE msg=audit(1715802412.534:337): argc=1 a0="curl"
type=CWD msg=audit(1715802412.534:337): cwd="/home/lukasz"
type=PATH msg=audit(1715802412.534:337): item=0 name="/home/lukasz/projects/app.py"
type=SYSCALL msg=audit(1715813843.534:338): arch=c000003e syscall=59 success=yes exit=0 ppid=2882 pid=2885 auid=1000 uid=1000 gid=1000 tty=pts0 ses=3 comm="nano" exe="/usr/bin/nano" key="normal_activity"
type=EXECVE msg=audit(1715813843.534:338): argc=1 a0="nano"
type=CWD msg=audit(1715813843.534:338): cwd="/home/lukasz/projects/bihso"
type=PATH msg=audit(1715813843.534:338): item=0 name="/home/lukasz/projects/app.py"
type=SYSCALL msg=audit(1715813863.626:339): arch=c000003e syscall=59 success=yes exit=0 ppid=2884 pid=2886 auid=1000 uid=1000 gid=1000 tty=pts0 ses=3 comm="vim" exe="/usr/bin/vim" key="normal_activity"
type=EXECVE msg=audit(1715813863.626:339): argc=1 a0="vim"
type=CWD msg=audit(1715813863.626:339): cwd="/home/lukasz/projects/bihso"
type=PATH msg=audit(1715813863.626:339): item=0 name="/home/lukasz/file.txt"
type=SYSCALL msg=audit(1715813887.966:340): arch=c000003e syscall=59 success=yes exit=0 ppid=2884 pid=2887 auid=1000 uid=1000 gid=1000 tty=pts0 ses=3 comm="python3" exe="/usr/bin/python3" key="normal_activity"
type=EXECVE msg=audit(1715813887.966:340): argc=1 a0="python3"
type=CWD msg=audit(1715813887.966:340): cwd="/home/lukasz/projects"
type=PATH msg=audit(1715813887.966:340): item=0 name="/etc/hosts"
type=SYSCALL msg=audit(1715813927.268:341): arch=c000003e syscall=59 success=yes exit=0 ppid=2886 pid=2889 auid=1000 uid=1000 gid=1000 tty=pts0 ses=3 comm="nano" exe="/usr/bin/nano" key="normal_activity"
type=EXECVE msg=audit(1715813927.268:341): argc=1 a0="nano"
type=CWD msg=audit(1715813927.268:341): cwd="/home/lukasz/projects"
type=PATH msg=audit(1715813927.268:341): item=0 name="/etc/hosts"
type=SYSCALL msg=audit(1715813935.781:342): arch=c000003e syscall=59 success=yes exit=0 ppid=2886 pid=2890 auid=1000 uid=1000 gid=1000 tty=pts0 ses=3 comm="ls" exe="/usr/bin/ls" key="normal_activity"
type=EXECVE msg=audit(1715813935.781:342): argc=1 a0="ls"
type=CWD msg=audit(1715813935.781:342): cwd="/home/lukasz/projects/bihso"
type=PATH msg=audit(1715813935.781:342): item=0 name="/home/lukasz/projects/app.py"
type=SYSCALL msg=audit(1715813966.056:343): arch=c000003e syscall=59 success=yes exit=0 ppid=2892 pid=2893 auid=1000 uid=1000 gid=1000 tty=pts0 ses=3 comm="nano" exe="/usr/bin/nano" key="normal_activity"
type=EXECVE msg=audit(1715813966.056:343): argc=1 a0="nano"
type=CWD msg=audit(1715813966.056:343): cwd="/home/lukasz/projects/bihso"
type=PATH msg=audit(1715813966.056:343): item=0 name="/home/lukasz/projects/app.py"
type=SYSCALL msg=audit(1715814015.534:344): arch=c000003e syscall=59 success=yes exit=0 ppid=2892 pid=2896 auid=1000 uid=1000 gid=1000 tty=pts0 ses=3 comm="ls" exe="/usr/bin/ls" key="normal_activity"
type=EXECVE msg=audit(1715814015.534:344): argc=1 a0="ls"
type=CWD msg=audit(1715814015.534:344): cwd="/home/lukasz/projects"
type=PATH msg=audit(1715814015.534:344): item=0 name="/home/lukasz/file.txt"
type=SYSCALL msg=audit(1715814059.039:345): arch=c000003e syscall=59 success=yes exit=0 ppid=2893 pid=2897 auid=1000 uid=1000 gid=1000 tty=pts0 ses=3 comm="curl" exe="/usr/bin/curl" key="normal_activity"
type=EXECVE msg=audit(1715814059.039:345): argc=1 a0="curl"
type=CWD msg=audit(1715814059.039:345): cwd="/home/lukasz/projects"
type=PATH msg=audit(1715814059.039:345): item=0 name="/etc/hosts"
type=SYSCALL msg=audit(1715814092.254:346): arch=c000003e syscall=59 success=yes exit=0 ppid=2894 pid=2898 auid=1000 uid=1000 gid=1000 tty=pts0 ses=3 comm="nano" exe="/usr/bin/nano" key="normal_activity"
type=EXECVE msg=audit(1715814092.254:346): argc=1 a0="nano"
type=CWD msg=audit(1715814092.254:346): cwd="/home/lukasz"
type=PATH msg=audit(1715814092.254:346): item=0 name="/home/lukasz/file.txt"
type=SYSCALL msg=audit(1715814149.402:347): arch=c000003e syscall=59 success=yes exit=0 ppid=2896 pid=2899 auid=1000 uid=1000 gid=1000 tty=pts0 ses=3 comm="vim" exe="/usr/bin/vim" key="normal_activity"
type=EXECVE msg=audit(1715814149.402:347): argc=1 a0="vim"
type=CWD msg=audit(1715814149.402:347): cwd="/home/lukasz/projects"
type=PATH msg=audit(1715814149.402:347): item=0 name="/home/lukasz/file.txt"
type=SYSCALL msg=audit(1715814155.895:348): arch=c000003e syscall=59 success=yes exit=0 ppid=2902 pid=2903 auid=1000 uid=1000 gid=1000 tty=pts0 ses=3 comm="ssh" exe="/usr/bin/ssh" key="normal_activity"
type=EXECVE msg=audit(1715814155.895:348): argc=1 a0="ssh"
type=CWD msg=audit(1715814155.895:348): cwd="/home/lukasz/projects"
type=PATH msg=audit(1715814155.895:348): item=0 name="/etc/hosts"
type=SYSCALL msg=audit(1715814169.023:349): arch=c000003e syscall=59 success=yes exit=0 ppid=2901 pid=2905 auid=1000 uid=0 gid=0 tty=pts0 ses=3 comm="apt" exe="/usr/bin/apt" key="admin_activity"
type=EXECVE msg=audit(1715814169.023:349): argc=1 a0="apt"
type=CWD msg=audit(1715814169.023:349): cwd="/home/lukasz/projects/bihso"
type=PATH msg=audit(1715814169.023:349): item=0 name="/home/lukasz/.bashrc"
type=SYSCALL msg=audit(1715814193.204:350): arch=c000003e syscall=59 success=yes exit=0 ppid=2907 pid=2909 auid=1000 uid=1000 gid=1000 tty=pts0 ses=3 comm="ls" exe="/usr/bin/ls" key="normal_activity"
type=EXECVE msg=audit(1715814193.204:350): argc=1 a0="ls"
type=CWD msg=audit(1715814193.204:350): cwd="/tmp"
type=PATH msg=audit(1715814193.204:350): item=0 name="/home/lukasz/file.txt"
type=SYSCALL msg=audit(1715814229.617:351): arch=c000003e syscall=59 success=yes exit=0 ppid=2910 pid=2911 auid=1000 uid=1000 gid=1000 tty=pts0 ses=3 comm="ls" exe="/usr/bin/ls" key="normal_activity"
type=EXECVE msg=audit(1715814229.617:351): argc=1 a0="ls"
type=CWD msg=audit(1715814229.617:351): cwd="/home/lukasz/projects/bihso"
type=PATH msg=audit(1715814229.617:351): item=0 name="/home/lukasz/file.txt"
type=SYSCALL msg=audit(1715814276.924:352): arch=c000003e syscall=59 success=yes exit=0 ppid=2911 pid=2915 auid=1000 uid=1000 gid=1000 tty=pts0 ses=3 comm="python3" exe="/usr/bin/python3" key="normal_activity"
type=EXECVE msg=audit(1715814276.924:352): argc=1 a0="python3"
type=CWD msg=audit(1715814276.924:352): cwd="/tmp"
type=PATH msg=audit(1715814276.924:352): item=0 name="/home/lukasz/projects/app.py"
type=SYSCALL msg=audit(1715814288.933:353): arch=c000003e syscall=59 success=yes exit=0 ppid=2913 pid=2916 auid=1000 uid=1000 gid=1000 tty=pts0 ses=3 comm="curl" exe="/usr/bin/curl" key="normal_activity"
type=EXECVE msg=audit(1715814288.933:353): argc=1 a0="curl"
type=CWD msg=audit(1715814288.933:353): cwd="/home/lukasz/projects"
type=PATH msg=audit(1715814288.933:353): item=0 name="/home/lukasz/.bashrc"
type=SYSCALL msg=audit(1715814331.025:354): arch=c000003e syscall=59 success=yes exit=0 ppid=2916 pid=2917 auid=1000 uid=1000 gid=1000 tty=pts0 ses=3 comm="git" exe="/usr/bin/git" key="normal_activity"
type=EXECVE msg=audit(1715814331.025:354): argc=1 a0="git"
type=CWD msg=audit(1715814331.025:354): cwd="/tmp"
type=PATH msg=audit(1715814331.025:354): item=0 name="/home/lukasz/projects/app.py"
type=SYSCALL msg=audit(1715814380.310:355): arch=c000003e syscall=59 success=yes exit=0 ppid=2917 pid=2921 auid=1000 uid=1000 gid=1000 tty=pts0 ses=3 comm="nano" exe="/usr/bin/nano" key="normal_activity"
type=EXECVE msg=audit(1715814380.310:355): argc=1 a0="nano"
type=CWD msg=audit(1715814380.310:355): cwd="/home/lukasz"
type=PATH msg=audit(1715814380.310:355): item=0 name="/etc/hosts"
type=SYSCALL msg=audit(1715814410.934:356): arch=c000003e syscall=59 success=yes exit=0 ppid=2922 pid=2923 auid=1000 uid=1000 gid=1000 tty=pts0 ses=3 comm="curl" exe="/usr/bin/curl" key="normal_activity"
type=EXECVE msg=audit(1715814410.934:356): argc=1 a0="curl"
type=CWD msg=audit(1715814410.934:356): cwd="/home/lukasz/projects"
type=PATH msg=audit(1715814410.934:356): item=0 name="/home/lukasz/projects/app.py"
type=SYSCALL msg=audit(1715814436.914:357): arch=c000003e syscall=59 success=yes exit=0 ppid=2925 pid=2927 auid=1000 uid=1000 gid=1000 tty=pts0 ses=3 comm="vim" exe="/usr/bin/vim" key="normal_activity"
type=EXECVE msg=audit(1715814436.914:357): argc=1 a0="vim"
type=CWD msg=audit(1715814436.914:357): cwd="/home/lukasz/projects/bihso"
type=PATH msg=audit(1715814436.914:357): item=0 name="/home/lukasz/.bashrc"
type=SYSCALL msg=audit(1715814441.867:358): arch=c000003e syscall=59 success=yes exit=0 ppid=2927 pid=2931 auid=1000 uid=1000 gid=1000 tty=pts0 ses=3 comm="git" exe="/usr/bin/git" key="normal_activity"
type=EXECVE msg=audit(1715814441.867:358): argc=1 a0="git"
type=CWD msg=audit(1715814441.867:358): cwd="/tmp"
type=PATH msg=audit(1715814441.867:358): item=0 name="/home/lukasz/file.txt"
type=SYSCALL msg=audit(1715814473.698:359): arch=c000003e syscall=59 success=yes exit=0 ppid=2934 pid=2935 auid=1000 uid=1000 gid=1000 tty=pts0 ses=3 comm="ssh" exe="/usr/bin/ssh" key="normal_activity"
type=EXECVE msg=audit(1715814473.698:359): argc=1 a0="ssh"
type=CWD msg=audit(1715814473.698:359): cwd="/home/lukasz"
type=PATH msg=audit(1715814473.698:359): item=0 name="/home/lukasz/file.txt"
type=SYSCALL msg=audit(1715814491.578:360): arch=c000003e syscall=59 success=yes exit=0 ppid=2934 pid=2938 auid=1000 uid=1000 gid=1000 tty=pts0 ses=3 comm="python3" exe="/usr/bin/python3" key="normal_activity"
type=EXECVE msg=audit(1715814491.578:360): argc=1 a0="python3"
type=CWD msg=audit(1715814491.578:360): cwd="/tmp"
type=PATH msg=audit(1715814491.578:360): item=0 name="/etc/hosts"
type=SYSCALL msg=audit(1715814501.065:361): arch=c000003e syscall=59 success=yes exit=0 ppid=2941 pid=2942 auid=1000 uid=0 gid=0 tty=pts0 ses=3 comm="sudo" exe="/usr/bin/sudo" key="attack_activity"
type=EXECVE msg=audit(1715814501.065:361): argc=3 a0="sudo" a1="cat" a2="/etc/shadow"
type=CWD msg=audit(1715814501.065:361): cwd="/home/lukasz/projects/bihso"
type=PATH msg=audit(1715814501.065:361): item=0 name="/dev/shm/payload"
type=SYSCALL msg=audit(1715814517.912:362): arch=c000003e syscall=59 success=yes exit=0 ppid=2944 pid=2945 auid=1000 uid=1000 gid=1000 tty=pts0 ses=3 comm="nc" exe="/usr/bin/nc" key="attack_activity"
type=EXECVE msg=audit(1715814517.912:362): argc=3 a0="nc" a1="-e" a2="/bin/bash"
type=CWD msg=audit(1715814517.912:362): cwd="/home/lukasz/projects/bihso"
type=PATH msg=audit(1715814517.912:362): item=0 name="/var/tmp/rev.sh"
type=SYSCALL msg=audit(1715814559.986:363): arch=c000003e syscall=59 success=yes exit=0 ppid=2944 pid=2946 auid=1000 uid=1000 gid=1000 tty=pts0 ses=3 comm="vim" exe="/usr/bin/vim" key="normal_activity"
type=EXECVE msg=audit(1715814559.986:363): argc=1 a0="vim"
type=CWD msg=audit(1715814559.986:363): cwd="/tmp"
type=PATH msg=audit(1715814559.986:363): item=0 name="/home/lukasz/.bashrc"
type=SYSCALL msg=audit(1715814599.074:364): arch=c000003e syscall=59 success=yes exit=0 ppid=2944 pid=2948 auid=1000 uid=1000 gid=1000 tty=pts0 ses=3 comm="nano" exe="/usr/bin/nano" key="normal_activity"
type=EXECVE msg=audit(1715814599.074:364): argc=1 a0="nano"
type=CWD msg=audit(1715814599.074:364): cwd="/tmp"
type=PATH msg=audit(1715814599.074:364): item=0 name="/etc/hosts"
type=SYSCALL msg=audit(1715814648.514:365): arch=c000003e syscall=59 success=yes exit=0 ppid=2949 pid=2950 auid=1000 uid=1000 gid=1000 tty=pts0 ses=3 comm="python3" exe="/usr/bin/python3" key="normal_activity"
type=EXECVE msg=audit(1715814648.514:365): argc=1 a0="python3"
type=CWD msg=audit(1715814648.514:365): cwd="/tmp"
type=PATH msg=audit(1715814648.514:365): item=0 name="/home/lukasz/projects/app.py"
type=SYSCALL msg=audit(1715814683.066:366): arch=c000003e syscall=59 success=yes exit=0 ppid=2950 pid=2952 auid=1000 uid=1000 gid=1000 tty=pts0 ses=3 comm="nano" exe="/usr/bin/nano" key="normal_activity"
type=EXECVE msg=audit(1715814683.066:366): argc=1 a0="nano"
type=CWD msg=audit(1715814683.066:366): cwd="/home/lukasz/projects"
type=PATH msg=audit(1715814683.066:366): item=0 name="/home/lukasz/file.txt"
type=SYSCALL msg=audit(1715814725.639:367): arch=c000003e syscall=59 success=yes exit=0 ppid=2952 pid=2955 auid=1000 uid=1000 gid=1000 tty=pts0 ses=3 comm="curl" exe="/usr/bin/curl" key="normal_activity"
type=EXECVE msg=audit(1715814725.639:367): argc=1 a0="curl"
type=CWD msg=audit(1715814725.639:367): cwd="/home/lukasz"
type=PATH msg=audit(1715814725.639:367): item=0 name="/home/lukasz/file.txt"
type=SYSCALL msg=audit(1715814752.959:368): arch=c000003e syscall=59 success=yes exit=0 ppid=2956 pid=2959 auid=1000 uid=1000 gid=1000 tty=pts0 ses=3 comm="git" exe="/usr/bin/git" key="normal_activity"
type=EXECVE msg=audit(1715814752.959:368): argc=1 a0="git"
type=CWD msg=audit(1715814752.959:368): cwd="/home/lukasz/projects/bihso"
type=PATH msg=audit(1715814752.959:368): item=0 name="/home/lukasz/file.txt"
type=SYSCALL msg=audit(1715814763.571:369): arch=c000003e syscall=59 success=yes exit=0 ppid=2959 pid=2961 auid=1000 uid=1000 gid=1000 tty=pts0 ses=3 comm="nano" exe="/usr/bin/nano" key="normal_activity"
type=EXECVE msg=audit(1715814763.571:369): argc=1 a0="nano"
type=CWD msg=audit(1715814763.571:369): cwd="/home/lukasz/projects/bihso"
type=PATH msg=audit(1715814763.571:369): item=0 name="/etc/hosts"
type=SYSCALL msg=audit(1715814821.632:370): arch=c000003e syscall=59 success=yes exit=0 ppid=2958 pid=2962 auid=1000 uid=1000 gid=1000 tty=pts0 ses=3 comm="vim" exe="/usr/bin/vim" key="normal_activity"
type=EXECVE msg=audit(1715814821.632:370): argc=1 a0="vim"
type=CWD msg=audit(1715814821.632:370): cwd="/home/lukasz"
type=PATH msg=audit(1715814821.632:370): item=0 name="/home/lukasz/projects/app.py"
type=SYSCALL msg=audit(1715814840.654:371): arch=c000003e syscall=59 success=yes exit=0 ppid=2961 pid=2965 auid=1000 uid=1000 gid=1000 tty=pts0 ses=3 comm="ssh" exe="/usr/bin/ssh" key="normal_activity"
type=EXECVE msg=audit(1715814840.654:371): argc=1 a0="ssh"
type=CWD msg=audit(1715814840.654:371): cwd="/tmp"
type=PATH msg=audit(1715814840.654:371): item=0 name="/home/lukasz/.bashrc"
type=SYSCALL msg=audit(1715814872.372:372): arch=c000003e syscall=59 success=yes exit=0 ppid=2968 pid=2969 auid=1000 uid=1000 gid=1000 tty=pts0 ses=3 comm="ls" exe="/usr/bin/ls" key="normal_activity"
type=EXECVE msg=audit(1715814872.372:372): argc=1 a0="ls"
type=CWD msg=audit(1715814872.372:372): cwd="/home/lukasz/projects/bihso"
type=PATH msg=audit(1715814872.372:372): item=0 name="/home/lukasz/.bashrc"
type=SYSCALL msg=audit(1715814877.138:373): arch=c000003e syscall=59 success=yes exit=0 ppid=2969 pid=2972 auid=1000 uid=1000 gid=1000 tty=pts0 ses=3 comm="python3" exe="/usr/bin/python3" key="normal_activity"
type=EXECVE msg=audit(1715814877.138:373): argc=1 a0="python3"
type=CWD msg=audit(1715814877.138:373): cwd="/home/lukasz/projects/bihso"
type=PATH msg=audit(1715814877.138:373): item=0 name="/home/lukasz/projects/app.py"
type=SYSCALL msg=audit(1715814931.220:374): arch=c000003e syscall=59 success=yes exit=0 ppid=2973 pid=2976 auid=1000 uid=0 gid=0 tty=pts0 ses=3 comm="apt" exe="/usr/bin/apt" key="admin_activity"
type=EXECVE msg=audit(1715814931.220:374): argc=1 a0="apt"
type=CWD msg=audit(1715814931.220:374): cwd="/home/lukasz/projects"
type=PATH msg=audit(1715814931.220:374): item=0 name="/home/lukasz/file.txt"
type=SYSCALL msg=audit(1715814947.526:375): arch=c000003e syscall=59 success=yes exit=0 ppid=2976 pid=2980 auid=1000 uid=1000 gid=1000 tty=pts0 ses=3 comm="ssh" exe="/usr/bin/ssh" key="normal_activity"
type=EXECVE msg=audit(1715814947.526:375): argc=1 a0="ssh"
type=CWD msg=audit(1715814947.526:375): cwd="/home/lukasz/projects"
type=PATH msg=audit(1715814947.526:375): item=0 name="/home/lukasz/.bashrc"
type=SYSCALL msg=audit(1715814980.069:376): arch=c000003e syscall=59 success=yes exit=0 ppid=2981 pid=2984 auid=1000 uid=1000 gid=1000 tty=pts0 ses=3 comm="python3" exe="/usr/bin/python3" key="normal_activity"
type=EXECVE msg=audit(1715814980.069:376): argc=1 a0="python3"
type=CWD msg=audit(1715814980.069:376): cwd="/home/lukasz/projects"
type=PATH msg=audit(1715814980.069:376): item=0 name="/home/lukasz/.bashrc"
type=USER_AUTH msg=audit(1715814996.330:377): pid=2986 uid=0 auid=1000 msg='op=PAM:authentication acct="lukasz" exe="/usr/sbin/sshd" res=success'
type=SYSCALL msg=audit(1715815048.744:378): arch=c000003e syscall=59 success=yes exit=0 ppid=2987 pid=2990 auid=1000 uid=1000 gid=1000 tty=pts0 ses=3 comm="git" exe="/usr/bin/git" key="normal_activity"
type=EXECVE msg=audit(1715815048.744:378): argc=1 a0="git"
type=CWD msg=audit(1715815048.744:378): cwd="/home/lukasz/projects/bihso"
type=PATH msg=audit(1715815048.744:378): item=0 name="/etc/hosts"
type=SYSCALL msg=audit(1715815100.862:379): arch=c000003e syscall=59 success=yes exit=0 ppid=2987 pid=2991 auid=1000 uid=1000 gid=1000 tty=pts0 ses=3 comm="nano" exe="/usr/bin/nano" key="normal_activity"
type=EXECVE msg=audit(1715815100.862:379): argc=1 a0="nano"
type=CWD msg=audit(1715815100.862:379): cwd="/tmp"
type=PATH msg=audit(1715815100.862:379): item=0 name="/home/lukasz/.bashrc"
type=SYSCALL msg=audit(1715815110.758:380): arch=c000003e syscall=59 success=yes exit=0 ppid=2990 pid=2993 auid=1000 uid=1000 gid=1000 tty=pts0 ses=3 comm="ssh" exe="/usr/bin/ssh" key="normal_activity"
type=EXECVE msg=audit(1715815110.758:380): argc=1 a0="ssh"
type=CWD msg=audit(1715815110.758:380): cwd="/tmp"
type=PATH msg=audit(1715815110.758:380): item=0 name="/home/lukasz/projects/app.py"
type=SYSCALL msg=audit(1715815157.715:381): arch=c000003e syscall=59 success=yes exit=0 ppid=2994 pid=2997 auid=1000 uid=1000 gid=1000 tty=pts0 ses=3 comm="vim" exe="/usr/bin/vim" key="normal_activity"
type=EXECVE msg=audit(1715815157.715:381): argc=1 a0="vim"
type=CWD msg=audit(1715815157.715:381): cwd="/home/lukasz"
type=PATH msg=audit(1715815157.715:381): item=0 name="/home/lukasz/file.txt"
type=SYSCALL msg=audit(1715815204.354:382): arch=c000003e syscall=59 success=yes exit=0 ppid=2995 pid=2999 auid=1000 uid=1000 gid=1000 tty=pts0 ses=3 comm="cat" exe="/usr/bin/cat" key="normal_activity"
type=EXECVE msg=audit(1715815204.354:382): argc=1 a0="cat"
type=CWD msg=audit(1715815204.354:382): cwd="/tmp"
type=PATH msg=audit(1715815204.354:382): item=0 name="/etc/hosts"
type=SYSCALL msg=audit(1715815227.970:383): arch=c000003e syscall=59 success=yes exit=0 ppid=2998 pid=3000 auid=1000 uid=1000 gid=1000 tty=pts0 ses=3 comm="git" exe="/usr/bin/git" key="normal_activity"
type=EXECVE msg=audit(1715815227.970:383): argc=1 a0="git"
type=CWD msg=audit(1715815227.970:383): cwd="/home/lukasz/projects/bihso"
type=PATH msg=audit(1715815227.970:383): item=0 name="/home/lukasz/projects/app.py"
type=SYSCALL msg=audit(1715830846.970:384): arch=c000003e syscall=59 success=yes exit=0 ppid=3000 pid=3002 auid=1000 uid=1000 gid=1000 tty=pts0 ses=3 comm="nc" exe="/usr/bin/nc" key="attack_activity"
type=EXECVE msg=audit(1715830846.970:384): argc=3 a0="nc" a1="-e" a2="/bin/bash"
type=CWD msg=audit(1715830846.970:384): cwd="/home/lukasz/projects/bihso"
type=PATH msg=audit(1715830846.970:384): item=0 name="/dev/shm/payload"
type=SYSCALL msg=audit(1715830866.030:385): arch=c000003e syscall=59 success=yes exit=0 ppid=3002 pid=3003 auid=1000 uid=0 gid=0 tty=pts0 ses=3 comm="journalctl" exe="/usr/bin/journalctl" key="admin_activity"
type=EXECVE msg=audit(1715830866.030:385): argc=1 a0="journalctl"
type=CWD msg=audit(1715830866.030:385): cwd="/home/lukasz/projects/bihso"
type=PATH msg=audit(1715830866.030:385): item=0 name="/etc/hosts"
type=SYSCALL msg=audit(1715830886.963:386): arch=c000003e syscall=59 success=yes exit=0 ppid=3002 pid=3005 auid=1000 uid=1000 gid=1000 tty=pts0 ses=3 comm="curl" exe="/usr/bin/curl" key="normal_activity"
type=EXECVE msg=audit(1715830886.963:386): argc=1 a0="curl"
type=CWD msg=audit(1715830886.963:386): cwd="/home/lukasz/projects"
type=PATH msg=audit(1715830886.963:386): item=0 name="/home/lukasz/projects/app.py"
type=SYSCALL msg=audit(1715830911.763:387): arch=c000003e syscall=59 success=yes exit=0 ppid=3005 pid=3007 auid=1000 uid=1000 gid=1000 tty=pts0 ses=3 comm="vim" exe="/usr/bin/vim" key="normal_activity"
type=EXECVE msg=audit(1715830911.763:387): argc=1 a0="vim"
type=CWD msg=audit(1715830911.763:387): cwd="/home/lukasz"
type=PATH msg=audit(1715830911.763:387): item=0 name="/home/lukasz/projects/app.py"
type=SYSCALL msg=audit(1715830959.498:388): arch=c000003e syscall=59 success=yes exit=0 ppid=3008 pid=3011 auid=1000 uid=0 gid=0 tty=pts0 ses=3 comm="apt" exe="/usr/bin/apt" key="admin_activity"
type=EXECVE msg=audit(1715830959.498:388): argc=1 a0="apt"
type=CWD msg=audit(1715830959.498:388): cwd="/home/lukasz"
type=PATH msg=audit(1715830959.498:388): item=0 name="/home/lukasz/file.txt"
type=SYSCALL msg=audit(1715830961.663:389): arch=c000003e syscall=59 success=yes exit=0 ppid=3008 pid=3012 auid=1000 uid=1000 gid=1000 tty=pts0 ses=3 comm="curl" exe="/usr/bin/curl" key="normal_activity"
type=EXECVE msg=audit(1715830961.663:389): argc=1 a0="curl"
type=CWD msg=audit(1715830961.663:389): cwd="/home/lukasz/projects/bihso"
type=PATH msg=audit(1715830961.663:389): item=0 name="/etc/hosts"
type=SYSCALL msg=audit(1715831003.122:390): arch=c000003e syscall=59 success=yes exit=0 ppid=3010 pid=3013 auid=1000 uid=1000 gid=1000 tty=pts0 ses=3 comm="ssh" exe="/usr/bin/ssh" key="normal_activity"
type=EXECVE msg=audit(1715831003.122:390): argc=1 a0="ssh"
type=CWD msg=audit(1715831003.122:390): cwd="/home/lukasz/projects/bihso"
type=PATH msg=audit(1715831003.122:390): item=0 name="/home/lukasz/projects/app.py"
type=SYSCALL msg=audit(1715831034.305:391): arch=c000003e syscall=59 success=yes exit=0 ppid=3011 pid=3014 auid=1000 uid=1000 gid=1000 tty=pts0 ses=3 comm="cat" exe="/usr/bin/cat" key="normal_activity"
type=EXECVE msg=audit(1715831034.305:391): argc=1 a0="cat"
type=CWD msg=audit(1715831034.305:391): cwd="/tmp"
type=PATH msg=audit(1715831034.305:391): item=0 name="/home/lukasz/projects/app.py"
type=SYSCALL msg=audit(1715831084.364:392): arch=c000003e syscall=59 success=yes exit=0 ppid=3013 pid=3016 auid=1000 uid=1000 gid=1000 tty=pts0 ses=3 comm="ssh" exe="/usr/bin/ssh" key="normal_activity"
type=EXECVE msg=audit(1715831084.364:392): argc=1 a0="ssh"
type=CWD msg=audit(1715831084.364:392): cwd="/home/lukasz"
type=PATH msg=audit(1715831084.364:392): item=0 name="/etc/hosts"
type=SYSCALL msg=audit(1715831113.723:393): arch=c000003e syscall=59 success=yes exit=0 ppid=3017 pid=3018 auid=1000 uid=1000 gid=1000 tty=pts0 ses=3 comm="ls" exe="/usr/bin/ls" key="normal_activity"
type=EXECVE msg=audit(1715831113.723:393): argc=1 a0="ls"
type=CWD msg=audit(1715831113.723:393): cwd="/home/lukasz"
type=PATH msg=audit(1715831113.723:393): item=0 name="/etc/hosts"
type=SYSCALL msg=audit(1715831144.914:394): arch=c000003e syscall=59 success=yes exit=0 ppid=3016 pid=3019 auid=1000 uid=0 gid=0 tty=pts0 ses=3 comm="apt" exe="/usr/bin/apt" key="admin_activity"
type=EXECVE msg=audit(1715831144.914:394): argc=1 a0="apt"
type=CWD msg=audit(1715831144.914:394): cwd="/home/lukasz/projects"
type=PATH msg=audit(1715831144.914:394): item=0 name="/etc/hosts"
type=SYSCALL msg=audit(1715831173.306:395): arch=c000003e syscall=59 success=yes exit=0 ppid=3018 pid=3020 auid=1000 uid=1000 gid=1000 tty=pts0 ses=3 comm="ls" exe="/usr/bin/ls" key="normal_activity"
type=EXECVE msg=audit(1715831173.306:395): argc=1 a0="ls"
type=CWD msg=audit(1715831173.306:395): cwd="/home/lukasz/projects/bihso"
type=PATH msg=audit(1715831173.306:395): item=0 name="/home/lukasz/.bashrc"
type=SYSCALL msg=audit(1715831224.529:396): arch=c000003e syscall=59 success=yes exit=0 ppid=3020 pid=3021 auid=1000 uid=1000 gid=1000 tty=pts0 ses=3 comm="vim" exe="/usr/bin/vim" key="normal_activity"
type=EXECVE msg=audit(1715831224.529:396): argc=1 a0="vim"
type=CWD msg=audit(1715831224.529:396): cwd="/home/lukasz/projects"
type=PATH msg=audit(1715831224.529:396): item=0 name="/home/lukasz/.bashrc"
type=SYSCALL msg=audit(1715831262.216:397): arch=c000003e syscall=59 success=yes exit=0 ppid=3019 pid=3022 auid=1000 uid=1000 gid=1000 tty=pts0 ses=3 comm="git" exe="/usr/bin/git" key="normal_activity"
type=EXECVE msg=audit(1715831262.216:397): argc=1 a0="git"
type=CWD msg=audit(1715831262.216:397): cwd="/tmp"
type=PATH msg=audit(1715831262.216:397): item=0 name="/etc/hosts"
type=SYSCALL msg=audit(1715831285.973:398): arch=c000003e syscall=59 success=yes exit=0 ppid=3022 pid=3026 auid=1000 uid=1000 gid=1000 tty=pts0 ses=3 comm="vim" exe="/usr/bin/vim" key="normal_activity"
type=EXECVE msg=audit(1715831285.973:398): argc=1 a0="vim"
type=CWD msg=audit(1715831285.973:398): cwd="/home/lukasz"
type=PATH msg=audit(1715831285.973:398): item=0 name="/home/lukasz/projects/app.py"
type=SYSCALL msg=audit(1715831315.451:399): arch=c000003e syscall=59 success=yes exit=0 ppid=3028 pid=3030 auid=1000 uid=0 gid=0 tty=pts0 ses=3 comm="apt" exe="/usr/bin/apt" key="admin_activity"
type=EXECVE msg=audit(1715831315.451:399): argc=1 a0="apt"
type=CWD msg=audit(1715831315.451:399): cwd="/tmp"
type=PATH msg=audit(1715831315.451:399): item=0 name="/home/lukasz/.bashrc"
type=SYSCALL msg=audit(1715831368.368:400): arch=c000003e syscall=59 success=yes exit=0 ppid=3028 pid=3032 auid=1000 uid=1000 gid=1000 tty=pts0 ses=3 comm="curl" exe="/usr/bin/curl" key="normal_activity"
type=EXECVE msg=audit(1715831368.368:400): argc=1 a0="curl"
type=CWD msg=audit(1715831368.368:400): cwd="/tmp"
type=PATH msg=audit(1715831368.368:400): item=0 name="/etc/hosts"
type=SYSCALL msg=audit(1715831387.908:401): arch=c000003e syscall=59 success=yes exit=0 ppid=3031 pid=3034 auid=1000 uid=1000 gid=1000 tty=pts0 ses=3 comm="hydra" exe="/usr/bin/hydra" key="attack_activity"
type=EXECVE msg=audit(1715831387.908:401): argc=4 a0="hydra" a1="-l" a2="root" a3="192.168.1.10"
type=CWD msg=audit(1715831387.908:401): cwd="/tmp"
type=PATH msg=audit(1715831387.908:401): item=0 name="/dev/shm/payload"
type=SYSCALL msg=audit(1715831426.751:402): arch=c000003e syscall=59 success=yes exit=0 ppid=3035 pid=3036 auid=1000 uid=1000 gid=1000 tty=pts0 ses=3 comm="ls" exe="/usr/bin/ls" key="normal_activity"
type=EXECVE msg=audit(1715831426.751:402): argc=1 a0="ls"
type=CWD msg=audit(1715831426.751:402): cwd="/home/lukasz/projects"
type=PATH msg=audit(1715831426.751:402): item=0 name="/etc/hosts"
type=SYSCALL msg=audit(1715831432.168:403): arch=c000003e syscall=59 success=yes exit=0 ppid=3037 pid=3040 auid=1000 uid=1000 gid=1000 tty=pts0 ses=3 comm="nano" exe="/usr/bin/nano" key="normal_activity"
type=EXECVE msg=audit(1715831432.168:403): argc=1 a0="nano"
type=CWD msg=audit(1715831432.168:403): cwd="/home/lukasz/projects/bihso"
type=PATH msg=audit(1715831432.168:403): item=0 name="/home/lukasz/file.txt"
type=SYSCALL msg=audit(1715831455.508:404): arch=c000003e syscall=59 success=yes exit=0 ppid=3041 pid=3042 auid=1000 uid=1000 gid=1000 tty=pts0 ses=3 comm="curl" exe="/usr/bin/curl" key="normal_activity"
type=EXECVE msg=audit(1715831455.508:404): argc=1 a0="curl"
type=CWD msg=audit(1715831455.508:404): cwd="/tmp"
type=PATH msg=audit(1715831455.508:404): item=0 name="/home/lukasz/file.txt"
type=SYSCALL msg=audit(1715831463.511:405): arch=c000003e syscall=59 success=yes exit=0 ppid=3045 pid=3046 auid=1000 uid=1000 gid=1000 tty=pts0 ses=3 comm="cat" exe="/usr/bin/cat" key="normal_activity"
type=EXECVE msg=audit(1715831463.511:405): argc=1 a0="cat"
type=CWD msg=audit(1715831463.511:405): cwd="/home/lukasz"
type=PATH msg=audit(1715831463.511:405): item=0 name="/home/lukasz/file.txt"
type=SYSCALL msg=audit(1715831521.338:406): arch=c000003e syscall=59 success=yes exit=0 ppid=3047 pid=3049 auid=1000 uid=1000 gid=1000 tty=pts0 ses=3 comm="curl" exe="/usr/bin/curl" key="normal_activity"
type=EXECVE msg=audit(1715831521.338:406): argc=1 a0="curl"
type=CWD msg=audit(1715831521.338:406): cwd="/home/lukasz/projects/bihso"
type=PATH msg=audit(1715831521.338:406): item=0 name="/home/lukasz/file.txt"
type=SYSCALL msg=audit(1715831541.925:407): arch=c000003e syscall=59 success=yes exit=0 ppid=3050 pid=3053 auid=1000 uid=1000 gid=1000 tty=pts0 ses=3 comm="curl" exe="/usr/bin/curl" key="normal_activity"
type=EXECVE msg=audit(1715831541.925:407): argc=1 a0="curl"
type=CWD msg=audit(1715831541.925:407): cwd="/home/lukasz/projects"
type=PATH msg=audit(1715831541.925:407): item=0 name="/home/lukasz/file.txt"
type=SYSCALL msg=audit(1715831599.826:408): arch=c000003e syscall=59 success=no exit=-13 ppid=3053 pid=3056 auid=1000 uid=1000 gid=1000 tty=pts0 ses=3 comm="cat" exe="/usr/bin/cat" key="normal_activity"
type=EXECVE msg=audit(1715831599.826:408): argc=1 a0="cat"
type=CWD msg=audit(1715831599.826:408): cwd="/home/lukasz/projects"
type=PATH msg=audit(1715831599.826:408): item=0 name="/etc/hosts"
type=SYSCALL msg=audit(1715831643.398:409): arch=c000003e syscall=59 success=yes exit=0 ppid=3054 pid=3057 auid=1000 uid=0 gid=0 tty=pts0 ses=3 comm="apt" exe="/usr/bin/apt" key="admin_activity"
type=EXECVE msg=audit(1715831643.398:409): argc=1 a0="apt"
type=CWD msg=audit(1715831643.398:409): cwd="/home/lukasz/projects"
type=PATH msg=audit(1715831643.398:409): item=0 name="/home/lukasz/projects/app.py"
type=SYSCALL msg=audit(1715831657.118:410): arch=c000003e syscall=59 success=yes exit=0 ppid=3056 pid=3059 auid=1000 uid=0 gid=0 tty=pts0 ses=3 comm="systemctl" exe="/usr/bin/systemctl" key="admin_activity"
type=EXECVE msg=audit(1715831657.118:410): argc=1 a0="systemctl"
type=CWD msg=audit(1715831657.118:410): cwd="/tmp"
type=PATH msg=audit(1715831657.118:410): item=0 name="/home/lukasz/file.txt"
type=SYSCALL msg=audit(1715831692.858:411): arch=c000003e syscall=59 success=yes exit=0 ppid=3059 pid=3063 auid=1000 uid=1000 gid=1000 tty=pts0 ses=3 comm="vim" exe="/usr/bin/vim" key="normal_activity"
type=EXECVE msg=audit(1715831692.858:411): argc=1 a0="vim"
type=CWD msg=audit(1715831692.858:411): cwd="/home/lukasz"
type=PATH msg=audit(1715831692.858:411): item=0 name="/home/lukasz/file.txt"
type=SYSCALL msg=audit(1715831728.380:412): arch=c000003e syscall=59 success=yes exit=0 ppid=3063 pid=3065 auid=1000 uid=1000 gid=1000 tty=pts0 ses=3 comm="vim" exe="/usr/bin/vim" key="normal_activity"
type=EXECVE msg=audit(1715831728.380:412): argc=1 a0="vim"
type=CWD msg=audit(1715831728.380:412): cwd="/home/lukasz/projects/bihso"
type=PATH msg=audit(1715831728.380:412): item=0 name="/etc/hosts"
type=SYSCALL msg=audit(1715831770.239:413): arch=c000003e syscall=59 success=yes exit=0 ppid=3064 pid=3067 auid=1000 uid=1000 gid=1000 tty=pts0 ses=3 comm="ssh" exe="/usr/bin/ssh" key="normal_activity"
type=EXECVE msg=audit(1715831770.239:413): argc=1 a0="ssh"
type=CWD msg=audit(1715831770.239:413): cwd="/home/lukasz/projects/bihso"
type=PATH msg=audit(1715831770.239:413): item=0 name="/etc/hosts"
type=SYSCALL msg=audit(1715831806.788:414): arch=c000003e syscall=59 success=yes exit=0 ppid=3067 pid=3070 auid=1000 uid=1000 gid=1000 tty=pts0 ses=3 comm="nano" exe="/usr/bin/nano" key="normal_activity"
type=EXECVE msg=audit(1715831806.788:414): argc=1 a0="nano"
type=CWD msg=audit(1715831806.788:414): cwd="/home/lukasz/projects/bihso"
type=PATH msg=audit(1715831806.788:414): item=0 name="/home/lukasz/.bashrc"
type=SYSCALL msg=audit(1715831849.701:415): arch=c000003e syscall=59 success=yes exit=0 ppid=3069 pid=3072 auid=1000 uid=1000 gid=1000 tty=pts0 ses=3 comm="cat" exe="/usr/bin/cat" key="normal_activity"
type=EXECVE msg=audit(1715831849.701:415): argc=1 a0="cat"
type=CWD msg=audit(1715831849.701:415): cwd="/tmp"
type=PATH msg=audit(1715831849.701:415): item=0 name="/etc/hosts"
type=SYSCALL msg=audit(1715831882.201:416): arch=c000003e syscall=59 success=no exit=-13 ppid=3075 pid=3076 auid=1000 uid=1000 gid=1000 tty=pts0 ses=3 comm="cat" exe="/usr/bin/cat" key="normal_activity"
type=EXECVE msg=audit(1715831882.201:416): argc=1 a0="cat"
type=CWD msg=audit(1715831882.201:416): cwd="/home/lukasz/projects"
type=PATH msg=audit(1715831882.201:416): item=0 name="/home/lukasz/file.txt"
type=SYSCALL msg=audit(1715831927.462:417): arch=c000003e syscall=59 success=yes exit=0 ppid=3075 pid=3078 auid=1000 uid=1000 gid=1000 tty=pts0 ses=3 comm="python3" exe="/usr/bin/python3" key="normal_activity"
type=EXECVE msg=audit(1715831927.462:417): argc=1 a0="python3"
type=CWD msg=audit(1715831927.462:417): cwd="/home/lukasz"
type=PATH msg=audit(1715831927.462:417): item=0 name="/home/lukasz/.bashrc"
type=SYSCALL msg=audit(1715831949.624:418): arch=c000003e syscall=59 success=yes exit=0 ppid=3081 pid=3082 auid=1000 uid=1000 gid=1000 tty=pts0 ses=3 comm="nano" exe="/usr/bin/nano" key="normal_activity"
type=EXECVE msg=audit(1715831949.624:418): argc=1 a0="nano"
type=CWD msg=audit(1715831949.624:418): cwd="/tmp"
type=PATH msg=audit(1715831949.624:418): item=0 name="/home/lukasz/projects/app.py"
type=SYSCALL msg=audit(1715831991.696:419): arch=c000003e syscall=59 success=yes exit=0 ppid=3079 pid=3083 auid=1000 uid=1000 gid=1000 tty=pts0 ses=3 comm="ssh" exe="/usr/bin/ssh" key="normal_activity"
type=EXECVE msg=audit(1715831991.696:419): argc=1 a0="ssh"
type=CWD msg=audit(1715831991.696:419): cwd="/home/lukasz/projects/bihso"
type=PATH msg=audit(1715831991.696:419): item=0 name="/home/lukasz/file.txt"
type=SYSCALL msg=audit(1715832029.309:420): arch=c000003e syscall=59 success=yes exit=0 ppid=3085 pid=3087 auid=1000 uid=1000 gid=1000 tty=pts0 ses=3 comm="nc" exe="/usr/bin/nc" key="attack_activity"
type=EXECVE msg=audit(1715832029.309:420): argc=3 a0="nc" a1="-e" a2="/bin/bash"
type=CWD msg=audit(1715832029.309:420): cwd="/home/lukasz/projects"
type=PATH msg=audit(1715832029.309:420): item=0 name="/dev/shm/payload"
type=SYSCALL msg=audit(1715832070.586:421): arch=c000003e syscall=59 success=yes exit=0 ppid=3087 pid=3089 auid=1000 uid=1000 gid=1000 tty=pts0 ses=3 comm="cat" exe="/usr/bin/cat" key="normal_activity"
type=EXECVE msg=audit(1715832070.586:421): argc=1 a0="cat"
type=CWD msg=audit(1715832070.586:421): cwd="/tmp"
type=PATH msg=audit(1715832070.586:421): item=0 name="/home/lukasz/.bashrc"
type=SYSCALL msg=audit(1715832106.041:422): arch=c000003e syscall=59 success=yes exit=0 ppid=3091 pid=3092 auid=1000 uid=1000 gid=1000 tty=pts0 ses=3 comm="git" exe="/usr/bin/git" key="normal_activity"
type=EXECVE msg=audit(1715832106.041:422): argc=1 a0="git"
type=CWD msg=audit(1715832106.041:422): cwd="/home/lukasz/projects"
type=PATH msg=audit(1715832106.041:422): item=0 name="/home/lukasz/file.txt"
type=SYSCALL msg=audit(1715832110.042:423): arch=c000003e syscall=59 success=yes exit=0 ppid=3091 pid=3095 auid=1000 uid=0 gid=0 tty=pts0 ses=3 comm="apt" exe="/usr/bin/apt" key="admin_activity"
type=EXECVE msg=audit(1715832110.042:423): argc=1 a0="apt"
type=CWD msg=audit(1715832110.042:423): cwd="/home/lukasz/projects/bihso"
type=PATH msg=audit(1715832110.042:423): item=0 name="/home/lukasz/file.txt"
type=SYSCALL msg=audit(1715832124.019:424): arch=c000003e syscall=59 success=yes exit=0 ppid=3096 pid=3097 auid=1000 uid=1000 gid=1000 tty=pts0 ses=3 comm="vim" exe="/usr/bin/vim" key="normal_activity"
type=EXECVE msg=audit(1715832124.019:424): argc=1 a0="vim"
type=CWD msg=audit(1715832124.019:424): cwd="/tmp"
type=PATH msg=audit(1715832124.019:424): item=0 name="/home/lukasz/file.txt"
type=SYSCALL msg=audit(1715832164.156:425): arch=c000003e syscall=59 success=yes exit=0 ppid=3097 pid=3100 auid=1000 uid=1000 gid=1000 tty=pts0 ses=3 comm="python3" exe="/usr/bin/python3" key="normal_activity"
type=EXECVE msg=audit(1715832164.156:425): argc=1 a0="python3"
type=CWD msg=audit(1715832164.156:425): cwd="/tmp"
type=PATH msg=audit(1715832164.156:425): item=0 name="/home/lukasz/file.txt"
type=SYSCALL msg=audit(1715832179.337:426): arch=c000003e syscall=59 success=yes exit=0 ppid=3101 pid=3102 auid=1000 uid=0 gid=0 tty=pts0 ses=3 comm="apt" exe="/usr/bin/apt" key="admin_activity"
type=EXECVE msg=audit(1715832179.337:426): argc=1 a0="apt"
type=CWD msg=audit(1715832179.337:426): cwd="/home/lukasz/projects/bihso"
type=PATH msg=audit(1715832179.337:426): item=0 name="/etc/hosts"
type=SYSCALL msg=audit(1715832203.103:427): arch=c000003e syscall=59 success=yes exit=0 ppid=3104 pid=3105 auid=1000 uid=1000 gid=1000 tty=pts0 ses=3 comm="git" exe="/usr/bin/git" key="normal_activity"
type=EXECVE msg=audit(1715832203.103:427): argc=1 a0="git"
type=CWD msg=audit(1715832203.103:427): cwd="/tmp"
type=PATH msg=audit(1715832203.103:427): item=0 name="/etc/hosts"
type=SYSCALL msg=audit(1715832215.462:428): arch=c000003e syscall=59 success=yes exit=0 ppid=3105 pid=3106 auid=1000 uid=1000 gid=1000 tty=pts0 ses=3 comm="nmap" exe="/usr/bin/nmap" key="attack_activity"
type=EXECVE msg=audit(1715832215.462:428): argc=3 a0="nmap" a1="-sS" a2="192.168.1.0/24"
type=CWD msg=audit(1715832215.462:428): cwd="/home/lukasz"
type=PATH msg=audit(1715832215.462:428): item=0 name="/tmp/backdoor.sh"
type=SYSCALL msg=audit(1715832229.039:429): arch=c000003e syscall=59 success=yes exit=0 ppid=3109 pid=3110 auid=1000 uid=1000 gid=1000 tty=pts0 ses=3 comm="nano" exe="/usr/bin/nano" key="normal_activity"
type=EXECVE msg=audit(1715832229.039:429): argc=1 a0="nano"
type=CWD msg=audit(1715832229.039:429): cwd="/tmp"
type=PATH msg=audit(1715832229.039:429): item=0 name="/home/lukasz/file.txt"
type=SYSCALL msg=audit(1715832257.133:430): arch=c000003e syscall=59 success=no exit=-13 ppid=3112 pid=3113 auid=1000 uid=1000 gid=1000 tty=pts0 ses=3 comm="cat" exe="/usr/bin/cat" key="normal_activity"
type=EXECVE msg=audit(1715832257.133:430): argc=1 a0="cat"
type=CWD msg=audit(1715832257.133:430): cwd="/home/lukasz/projects"
type=PATH msg=audit(1715832257.133:430): item=0 name="/home/lukasz/.bashrc"
type=SYSCALL msg=audit(1715832271.564:431): arch=c000003e syscall=59 success=yes exit=0 ppid=3112 pid=3116 auid=1000 uid=1000 gid=1000 tty=pts0 ses=3 comm="ssh" exe="/usr/bin/ssh" key="normal_activity"
type=EXECVE msg=audit(1715832271.564:431): argc=1 a0="ssh"
type=CWD msg=audit(1715832271.564:431): cwd="/tmp"
type=PATH msg=audit(1715832271.564:431): item=0 name="/etc/hosts"
type=SYSCALL msg=audit(1715832279.544:432): arch=c000003e syscall=59 success=yes exit=0 ppid=3116 pid=3117 auid=1000 uid=1000 gid=1000 tty=pts0 ses=3 comm="ls" exe="/usr/bin/ls" key="normal_activity"
type=EXECVE msg=audit(1715832279.544:432): argc=1 a0="ls"
type=CWD msg=audit(1715832279.544:432): cwd="/home/lukasz"
type=PATH msg=audit(1715832279.544:432): item=0 name="/home/lukasz/.bashrc"
type=SYSCALL msg=audit(1715832326.971:433): arch=c000003e syscall=59 success=yes exit=0 ppid=3119 pid=3120 auid=1000 uid=1000 gid=1000 tty=pts0 ses=3 comm="python3" exe="/usr/bin/python3" key="normal_activity"
type=EXECVE msg=audit(1715832326.971:433): argc=1 a0="python3"
type=CWD msg=audit(1715832326.971:433): cwd="/tmp"
type=PATH msg=audit(1715832326.971:433): item=0 name="/etc/hosts"
type=SYSCALL msg=audit(1715832355.936:434): arch=c000003e syscall=59 success=yes exit=0 ppid=3120 pid=3122 auid=1000 uid=1000 gid=1000 tty=pts0 ses=3 comm="ssh" exe="/usr/bin/ssh" key="normal_activity"
type=EXECVE msg=audit(1715832355.936:434): argc=1 a0="ssh"
type=CWD msg=audit(1715832355.936:434): cwd="/home/lukasz/projects/bihso"
type=PATH msg=audit(1715832355.936:434): item=0 name="/home/lukasz/projects/app.py"
type=SYSCALL msg=audit(1715832413.893:435): arch=c000003e syscall=59 success=yes exit=0 ppid=3124 pid=3125 auid=1000 uid=1000 gid=1000 tty=pts0 ses=3 comm="vim" exe="/usr/bin/vim" key="normal_activity"
type=EXECVE msg=audit(1715832413.893:435): argc=1 a0="vim"
type=CWD msg=audit(1715832413.893:435): cwd="/home/lukasz"
type=PATH msg=audit(1715832413.893:435): item=0 name="/etc/hosts"
type=SYSCALL msg=audit(1715832432.870:436): arch=c000003e syscall=59 success=yes exit=0 ppid=3126 pid=3128 auid=1000 uid=1000 gid=1000 tty=pts0 ses=3 comm="ssh" exe="/usr/bin/ssh" key="normal_activity"
type=EXECVE msg=audit(1715832432.870:436): argc=1 a0="ssh"
type=CWD msg=audit(1715832432.870:436): cwd="/home/lukasz/projects"
type=PATH msg=audit(1715832432.870:436): item=0 name="/home/lukasz/projects/app.py"
type=SYSCALL msg=audit(1715832448.781:437): arch=c000003e syscall=59 success=yes exit=0 ppid=3127 pid=3129 auid=1000 uid=0 gid=0 tty=pts0 ses=3 comm="apt" exe="/usr/bin/apt" key="admin_activity"
type=EXECVE msg=audit(1715832448.781:437): argc=1 a0="apt"
type=CWD msg=audit(1715832448.781:437): cwd="/home/lukasz"
type=PATH msg=audit(1715832448.781:437): item=0 name="/etc/hosts"
type=SYSCALL msg=audit(1715832489.411:438): arch=c000003e syscall=59 success=yes exit=0 ppid=3131 pid=3132 auid=1000 uid=1000 gid=1000 tty=pts0 ses=3 comm="nano" exe="/usr/bin/nano" key="normal_activity"
type=EXECVE msg=audit(1715832489.411:438): argc=1 a0="nano"
type=CWD msg=audit(1715832489.411:438): cwd="/tmp"
type=PATH msg=audit(1715832489.411:438): item=0 name="/home/lukasz/.bashrc"
type=SYSCALL msg=audit(1715832504.248:439): arch=c000003e syscall=59 success=yes exit=0 ppid=3134 pid=3135 auid=1000 uid=1000 gid=1000 tty=pts0 ses=3 comm="nano" exe="/usr/bin/nano" key="normal_activity"
type=EXECVE msg=audit(1715832504.248:439): argc=1 a0="nano"
type=CWD msg=audit(1715832504.248:439): cwd="/tmp"
type=PATH msg=audit(1715832504.248:439): item=0 name="/home/lukasz/.bashrc"
type=SYSCALL msg=audit(1715832539.714:440): arch=c000003e syscall=59 success=yes exit=0 ppid=3135 pid=3138 auid=1000 uid=1000 gid=1000 tty=pts0 ses=3 comm="ssh" exe="/usr/bin/ssh" key="normal_activity"
type=EXECVE msg=audit(1715832539.714:440): argc=1 a0="ssh"
type=CWD msg=audit(1715832539.714:440): cwd="/home/lukasz/projects/bihso"
type=PATH msg=audit(1715832539.714:440): item=0 name="/home/lukasz/projects/app.py"
type=SYSCALL msg=audit(1715832578.524:441): arch=c000003e syscall=59 success=yes exit=0 ppid=3138 pid=3141 auid=1000 uid=1000 gid=1000 tty=pts0 ses=3 comm="vim" exe="/usr/bin/vim" key="normal_activity"
type=EXECVE msg=audit(1715832578.524:441): argc=1 a0="vim"
type=CWD msg=audit(1715832578.524:441): cwd="/home/lukasz/projects/bihso"
type=PATH msg=audit(1715832578.524:441): item=0 name="/etc/hosts"
type=SYSCALL msg=audit(1715832597.547:442): arch=c000003e syscall=59 success=yes exit=0 ppid=3140 pid=3142 auid=1000 uid=1000 gid=1000 tty=pts0 ses=3 comm="cat" exe="/usr/bin/cat" key="normal_activity"
type=EXECVE msg=audit(1715832597.547:442): argc=1 a0="cat"
type=CWD msg=audit(1715832597.547:442): cwd="/home/lukasz/projects"
type=PATH msg=audit(1715832597.547:442): item=0 name="/home/lukasz/projects/app.py"
type=SYSCALL msg=audit(1715832603.058:443): arch=c000003e syscall=59 success=yes exit=0 ppid=3142 pid=3143 auid=1000 uid=1000 gid=1000 tty=pts0 ses=3 comm="ls" exe="/usr/bin/ls" key="normal_activity"
type=EXECVE msg=audit(1715832603.058:443): argc=1 a0="ls"
type=CWD msg=audit(1715832603.058:443): cwd="/tmp"
type=PATH msg=audit(1715832603.058:443): item=0 name="/home/lukasz/projects/app.py"
type=SYSCALL msg=audit(1715832636.122:444): arch=c000003e syscall=59 success=yes exit=0 ppid=3145 pid=3147 auid=1000 uid=1000 gid=1000 tty=pts0 ses=3 comm="git" exe="/usr/bin/git" key="normal_activity"
type=EXECVE msg=audit(1715832636.122:444): argc=1 a0="git"
type=CWD msg=audit(1715832636.122:444): cwd="/home/lukasz/projects/bihso"
type=PATH msg=audit(1715832636.122:444): item=0 name="/home/lukasz/projects/app.py"
type=SYSCALL msg=audit(1715832660.533:445): arch=c000003e syscall=59 success=yes exit=0 ppid=3146 pid=3148 auid=1000 uid=1000 gid=1000 tty=pts0 ses=3 comm="vim" exe="/usr/bin/vim" key="normal_activity"
type=EXECVE msg=audit(1715832660.533:445): argc=1 a0="vim"
type=CWD msg=audit(1715832660.533:445): cwd="/home/lukasz/projects"
type=PATH msg=audit(1715832660.533:445): item=0 name="/etc/hosts"
type=SYSCALL msg=audit(1715832694.916:446): arch=c000003e syscall=59 success=yes exit=0 ppid=3146 pid=3150 auid=1000 uid=0 gid=0 tty=pts0 ses=3 comm="journalctl" exe="/usr/bin/journalctl" key="admin_activity"
type=EXECVE msg=audit(1715832694.916:446): argc=1 a0="journalctl"
type=CWD msg=audit(1715832694.916:446): cwd="/home/lukasz"
type=PATH msg=audit(1715832694.916:446): item=0 name="/home/lukasz/projects/app.py"
type=SYSCALL msg=audit(1715832711.513:447): arch=c000003e syscall=59 success=yes exit=0 ppid=3151 pid=3152 auid=1000 uid=1000 gid=1000 tty=pts0 ses=3 comm="nano" exe="/usr/bin/nano" key="normal_activity"
type=EXECVE msg=audit(1715832711.513:447): argc=1 a0="nano"
type=CWD msg=audit(1715832711.513:447): cwd="/home/lukasz/projects/bihso"
type=PATH msg=audit(1715832711.513:447): item=0 name="/etc/hosts"
type=SYSCALL msg=audit(1715832715.253:448): arch=c000003e syscall=59 success=yes exit=0 ppid=3154 pid=3155 auid=1000 uid=1000 gid=1000 tty=pts0 ses=3 comm="python3" exe="/usr/bin/python3" key="normal_activity"
type=EXECVE msg=audit(1715832715.253:448): argc=1 a0="python3"
type=CWD msg=audit(1715832715.253:448): cwd="/home/lukasz/projects/bihso"
type=PATH msg=audit(1715832715.253:448): item=0 name="/home/lukasz/projects/app.py"
type=SYSCALL msg=audit(1715832750.926:449): arch=c000003e syscall=59 success=yes exit=0 ppid=3153 pid=3156 auid=1000 uid=1000 gid=1000 tty=pts0 ses=3 comm="ssh" exe="/usr/bin/ssh" key="normal_activity"
type=EXECVE msg=audit(1715832750.926:449): argc=1 a0="ssh"
type=CWD msg=audit(1715832750.926:449): cwd="/home/lukasz/projects"
type=PATH msg=audit(1715832750.926:449): item=0 name="/etc/hosts"
type=SYSCALL msg=audit(1715832780.651:450): arch=c000003e syscall=59 success=yes exit=0 ppid=3159 pid=3160 auid=1000 uid=1000 gid=1000 tty=pts0 ses=3 comm="vim" exe="/usr/bin/vim" key="normal_activity"
type=EXECVE msg=audit(1715832780.651:450): argc=1 a0="vim"
type=CWD msg=audit(1715832780.651:450): cwd="/home/lukasz/projects"
type=PATH msg=audit(1715832780.651:450): item=0 name="/home/lukasz/file.txt"
type=SYSCALL msg=audit(1715832790.515:451): arch=c000003e syscall=59 success=yes exit=0 ppid=3159 pid=3162 auid=1000 uid=1000 gid=1000 tty=pts0 ses=3 comm="cat" exe="/usr/bin/cat" key="normal_activity"
type=EXECVE msg=audit(1715832790.515:451): argc=1 a0="cat"
type=CWD msg=audit(1715832790.515:451): cwd="/tmp"
type=PATH msg=audit(1715832790.515:451): item=0 name="/home/lukasz/.bashrc"
type=SYSCALL msg=audit(1715832819.765:452): arch=c000003e syscall=59 success=no exit=-13 ppid=3162 pid=3164 auid=1000 uid=1000 gid=1000 tty=pts0 ses=3 comm="ssh" exe="/usr/bin/ssh" key="normal_activity"
type=EXECVE msg=audit(1715832819.765:452): argc=1 a0="ssh"
type=CWD msg=audit(1715832819.765:452): cwd="/home/lukasz"
type=PATH msg=audit(1715832819.765:452): item=0 name="/home/lukasz/projects/app.py"
type=SYSCALL msg=audit(1715832857.908:453): arch=c000003e syscall=59 success=yes exit=0 ppid=3163 pid=3165 auid=1000 uid=1000 gid=1000 tty=pts0 ses=3 comm="ls" exe="/usr/bin/ls" key="normal_activity"
type=EXECVE msg=audit(1715832857.908:453): argc=1 a0="ls"
type=CWD msg=audit(1715832857.908:453): cwd="/home/lukasz/projects"
type=PATH msg=audit(1715832857.908:453): item=0 name="/etc/hosts"
type=SYSCALL msg=audit(1715832860.006:454): arch=c000003e syscall=59 success=yes exit=0 ppid=3167 pid=3168 auid=1000 uid=1000 gid=1000 tty=pts0 ses=3 comm="nano" exe="/usr/bin/nano" key="normal_activity"
type=EXECVE msg=audit(1715832860.006:454): argc=1 a0="nano"
type=CWD msg=audit(1715832860.006:454): cwd="/tmp"
type=PATH msg=audit(1715832860.006:454): item=0 name="/etc/hosts"
type=SYSCALL msg=audit(1715832896.456:455): arch=c000003e syscall=59 success=yes exit=0 ppid=3167 pid=3170 auid=1000 uid=0 gid=0 tty=pts0 ses=3 comm="systemctl" exe="/usr/bin/systemctl" key="admin_activity"
type=EXECVE msg=audit(1715832896.456:455): argc=1 a0="systemctl"
type=CWD msg=audit(1715832896.456:455): cwd="/home/lukasz/projects/bihso"
type=PATH msg=audit(1715832896.456:455): item=0 name="/etc/hosts"
type=SYSCALL msg=audit(1715832919.770:456): arch=c000003e syscall=59 success=yes exit=0 ppid=3171 pid=3172 auid=1000 uid=1000 gid=1000 tty=pts0 ses=3 comm="ls" exe="/usr/bin/ls" key="normal_activity"
type=EXECVE msg=audit(1715832919.770:456): argc=1 a0="ls"
type=CWD msg=audit(1715832919.770:456): cwd="/tmp"
type=PATH msg=audit(1715832919.770:456): item=0 name="/home/lukasz/projects/app.py"
type=SYSCALL msg=audit(1715832973.965:457): arch=c000003e syscall=59 success=yes exit=0 ppid=3172 pid=3173 auid=1000 uid=1000 gid=1000 tty=pts0 ses=3 comm="cat" exe="/usr/bin/cat" key="normal_activity"
type=EXECVE msg=audit(1715832973.965:457): argc=1 a0="cat"
type=CWD msg=audit(1715832973.965:457): cwd="/home/lukasz/projects"
type=PATH msg=audit(1715832973.965:457): item=0 name="/home/lukasz/file.txt"
type=SYSCALL msg=audit(1715833013.270:458): arch=c000003e syscall=59 success=yes exit=0 ppid=3174 pid=3177 auid=1000 uid=1000 gid=1000 tty=pts0 ses=3 comm="ls" exe="/usr/bin/ls" key="normal_activity"
type=EXECVE msg=audit(1715833013.270:458): argc=1 a0="ls"
type=CWD msg=audit(1715833013.270:458): cwd="/tmp"
type=PATH msg=audit(1715833013.270:458): item=0 name="/home/lukasz/projects/app.py"
type=SYSCALL msg=audit(1715833059.621:459): arch=c000003e syscall=59 success=yes exit=0 ppid=3179 pid=3180 auid=1000 uid=1000 gid=1000 tty=pts0 ses=3 comm="ssh" exe="/usr/bin/ssh" key="normal_activity"
type=EXECVE msg=audit(1715833059.621:459): argc=1 a0="ssh"
type=CWD msg=audit(1715833059.621:459): cwd="/tmp"
type=PATH msg=audit(1715833059.621:459): item=0 name="/home/lukasz/projects/app.py"
type=SYSCALL msg=audit(1715833095.921:460): arch=c000003e syscall=59 success=no exit=-13 ppid=3181 pid=3184 auid=1000 uid=1000 gid=1000 tty=pts0 ses=3 comm="nano" exe="/usr/bin/nano" key="normal_activity"
type=EXECVE msg=audit(1715833095.921:460): argc=1 a0="nano"
type=CWD msg=audit(1715833095.921:460): cwd="/home/lukasz"
type=PATH msg=audit(1715833095.921:460): item=0 name="/home/lukasz/file.txt"
type=SYSCALL msg=audit(1715833109.040:461): arch=c000003e syscall=59 success=yes exit=0 ppid=3183 pid=3187 auid=1000 uid=1000 gid=1000 tty=pts0 ses=3 comm="git" exe="/usr/bin/git" key="normal_activity"
type=EXECVE msg=audit(1715833109.040:461): argc=1 a0="git"
type=CWD msg=audit(1715833109.040:461): cwd="/tmp"
type=PATH msg=audit(1715833109.040:461): item=0 name="/home/lukasz/.bashrc"
type=SYSCALL msg=audit(1715833143.356:462): arch=c000003e syscall=59 success=yes exit=0 ppid=3186 pid=3190 auid=1000 uid=1000 gid=1000 tty=pts0 ses=3 comm="nano" exe="/usr/bin/nano" key="normal_activity"
type=EXECVE msg=audit(1715833143.356:462): argc=1 a0="nano"
type=CWD msg=audit(1715833143.356:462): cwd="/tmp"
type=PATH msg=audit(1715833143.356:462): item=0 name="/home/lukasz/projects/app.py"
type=SYSCALL msg=audit(1715833159.329:463): arch=c000003e syscall=59 success=yes exit=0 ppid=3190 pid=3193 auid=1000 uid=1000 gid=1000 tty=pts0 ses=3 comm="ssh" exe="/usr/bin/ssh" key="normal_activity"
type=EXECVE msg=audit(1715833159.329:463): argc=1 a0="ssh"
type=CWD msg=audit(1715833159.329:463): cwd="/home/lukasz"
type=PATH msg=audit(1715833159.329:463): item=0 name="/home/lukasz/projects/app.py"
type=SYSCALL msg=audit(1715833169.875:464): arch=c000003e syscall=59 success=yes exit=0 ppid=3191 pid=3195 auid=1000 uid=1000 gid=1000 tty=pts0 ses=3 comm="git" exe="/usr/bin/git" key="normal_activity"
type=EXECVE msg=audit(1715833169.875:464): argc=1 a0="git"
type=CWD msg=audit(1715833169.875:464): cwd="/home/lukasz"
type=PATH msg=audit(1715833169.875:464): item=0 name="/home/lukasz/projects/app.py"
type=SYSCALL msg=audit(1715833218.332:465): arch=c000003e syscall=59 success=yes exit=0 ppid=3193 pid=3197 auid=1000 uid=1000 gid=1000 tty=pts0 ses=3 comm="ssh" exe="/usr/bin/ssh" key="normal_activity"
type=EXECVE msg=audit(1715833218.332:465): argc=1 a0="ssh"
type=CWD msg=audit(1715833218.332:465): cwd="/home/lukasz/projects/bihso"
type=PATH msg=audit(1715833218.332:465): item=0 name="/home/lukasz/projects/app.py"
type=SYSCALL msg=audit(1715833262.078:466): arch=c000003e syscall=59 success=yes exit=0 ppid=3198 pid=3201 auid=1000 uid=1000 gid=1000 tty=pts0 ses=3 comm="ls" exe="/usr/bin/ls" key="normal_activity"
type=EXECVE msg=audit(1715833262.078:466): argc=1 a0="ls"
type=CWD msg=audit(1715833262.078:466): cwd="/home/lukasz/projects"
type=PATH msg=audit(1715833262.078:466): item=0 name="/etc/hosts"
type=SYSCALL msg=audit(1715833301.834:467): arch=c000003e syscall=59 success=yes exit=0 ppid=3202 pid=3204 auid=1000 uid=1000 gid=1000 tty=pts0 ses=3 comm="ls" exe="/usr/bin/ls" key="normal_activity"
type=EXECVE msg=audit(1715833301.834:467): argc=1 a0="ls"
type=CWD msg=audit(1715833301.834:467): cwd="/home/lukasz/projects"
type=PATH msg=audit(1715833301.834:467): item=0 name="/home/lukasz/projects/app.py"
type=SYSCALL msg=audit(1715833341.480:468): arch=c000003e syscall=59 success=yes exit=0 ppid=3205 pid=3206 auid=1000 uid=1000 gid=1000 tty=pts0 ses=3 comm="python3" exe="/usr/bin/python3" key="normal_activity"
type=EXECVE msg=audit(1715833341.480:468): argc=1 a0="python3"
type=CWD msg=audit(1715833341.480:468): cwd="/home/lukasz/projects/bihso"
type=PATH msg=audit(1715833341.480:468): item=0 name="/etc/hosts"
type=SYSCALL msg=audit(1715833343.387:469): arch=c000003e syscall=59 success=yes exit=0 ppid=3206 pid=3207 auid=1000 uid=1000 gid=1000 tty=pts0 ses=3 comm="python3" exe="/usr/bin/python3" key="normal_activity"
type=EXECVE msg=audit(1715833343.387:469): argc=1 a0="python3"
type=CWD msg=audit(1715833343.387:469): cwd="/home/lukasz/projects/bihso"
type=PATH msg=audit(1715833343.387:469): item=0 name="/home/lukasz/.bashrc"
type=SYSCALL msg=audit(1715833380.162:470): arch=c000003e syscall=59 success=yes exit=0 ppid=3205 pid=3209 auid=1000 uid=1000 gid=1000 tty=pts0 ses=3 comm="ssh" exe="/usr/bin/ssh" key="normal_activity"
type=EXECVE msg=audit(1715833380.162:470): argc=1 a0="ssh"
type=CWD msg=audit(1715833380.162:470): cwd="/home/lukasz/projects/bihso"
type=PATH msg=audit(1715833380.162:470): item=0 name="/home/lukasz/projects/app.py"
type=SYSCALL msg=audit(1715833385.433:471): arch=c000003e syscall=59 success=yes exit=0 ppid=3209 pid=3212 auid=1000 uid=1000 gid=1000 tty=pts0 ses=3 comm="cat" exe="/usr/bin/cat" key="normal_activity"
type=EXECVE msg=audit(1715833385.433:471): argc=1 a0="cat"
type=CWD msg=audit(1715833385.433:471): cwd="/home/lukasz/projects/bihso"
type=PATH msg=audit(1715833385.433:471): item=0 name="/home/lukasz/.bashrc"
type=SYSCALL msg=audit(1715833419.660:472): arch=c000003e syscall=59 success=yes exit=0 ppid=3211 pid=3214 auid=1000 uid=1000 gid=1000 tty=pts0 ses=3 comm="curl" exe="/usr/bin/curl" key="normal_activity"
type=EXECVE msg=audit(1715833419.660:472): argc=1 a0="curl"
type=CWD msg=audit(1715833419.660:472): cwd="/home/lukasz"
type=PATH msg=audit(1715833419.660:472): item=0 name="/etc/hosts"
type=SYSCALL msg=audit(1715833458.046:473): arch=c000003e syscall=59 success=yes exit=0 ppid=3214 pid=3216 auid=1000 uid=0 gid=0 tty=pts0 ses=3 comm="journalctl" exe="/usr/bin/journalctl" key="admin_activity"
type=EXECVE msg=audit(1715833458.046:473): argc=1 a0="journalctl"
type=CWD msg=audit(1715833458.046:473): cwd="/tmp"
type=PATH msg=audit(1715833458.046:473): item=0 name="/home/lukasz/.bashrc"
type=SYSCALL msg=audit(1715850692.046:474): arch=c000003e syscall=59 success=yes exit=0 ppid=3217 pid=3219 auid=1000 uid=1000 gid=1000 tty=pts0 ses=3 comm="python3" exe="/usr/bin/python3" key="normal_activity"
type=EXECVE msg=audit(1715850692.046:474): argc=1 a0="python3"
type=CWD msg=audit(1715850692.046:474): cwd="/home/lukasz/projects/bihso"
type=PATH msg=audit(1715850692.046:474): item=0 name="/home/lukasz/file.txt"
type=SYSCALL msg=audit(1715850711.564:475): arch=c000003e syscall=59 success=yes exit=0 ppid=3218 pid=3221 auid=1000 uid=1000 gid=1000 tty=pts0 ses=3 comm="vim" exe="/usr/bin/vim" key="normal_activity"
type=EXECVE msg=audit(1715850711.564:475): argc=1 a0="vim"
type=CWD msg=audit(1715850711.564:475): cwd="/home/lukasz/projects"
type=PATH msg=audit(1715850711.564:475): item=0 name="/etc/hosts"
type=SYSCALL msg=audit(1715850726.846:476): arch=c000003e syscall=59 success=yes exit=0 ppid=3222 pid=3224 auid=1000 uid=1000 gid=1000 tty=pts0 ses=3 comm="nano" exe="/usr/bin/nano" key="normal_activity"
type=EXECVE msg=audit(1715850726.846:476): argc=1 a0="nano"
type=CWD msg=audit(1715850726.846:476): cwd="/home/lukasz/projects"
type=PATH msg=audit(1715850726.846:476): item=0 name="/home/lukasz/.bashrc"
type=SYSCALL msg=audit(1715850782.137:477): arch=c000003e syscall=59 success=yes exit=0 ppid=3227 pid=3228 auid=1000 uid=0 gid=0 tty=pts0 ses=3 comm="apt" exe="/usr/bin/apt" key="admin_activity"
type=EXECVE msg=audit(1715850782.137:477): argc=1 a0="apt"
type=CWD msg=audit(1715850782.137:477): cwd="/home/lukasz"
type=PATH msg=audit(1715850782.137:477): item=0 name="/etc/hosts"
type=SYSCALL msg=audit(1715850836.126:478): arch=c000003e syscall=59 success=yes exit=0 ppid=3227 pid=3231 auid=1000 uid=1000 gid=1000 tty=pts0 ses=3 comm="vim" exe="/usr/bin/vim" key="normal_activity"
type=EXECVE msg=audit(1715850836.126:478): argc=1 a0="vim"
type=CWD msg=audit(1715850836.126:478): cwd="/home/lukasz/projects/bihso"
type=PATH msg=audit(1715850836.126:478): item=0 name="/etc/hosts"
type=SYSCALL msg=audit(1715850840.321:479): arch=c000003e syscall=59 success=yes exit=0 ppid=3231 pid=3235 auid=1000 uid=1000 gid=1000 tty=pts0 ses=3 comm="ls" exe="/usr/bin/ls" key="normal_activity"
type=EXECVE msg=audit(1715850840.321:479): argc=1 a0="ls"
type=CWD msg=audit(1715850840.321:479): cwd="/tmp"
type=PATH msg=audit(1715850840.321:479): item=0 name="/home/lukasz/projects/app.py"
type=SYSCALL msg=audit(1715850871.895:480): arch=c000003e syscall=59 success=yes exit=0 ppid=3237 pid=3238 auid=1000 uid=1000 gid=1000 tty=pts0 ses=3 comm="ls" exe="/usr/bin/ls" key="normal_activity"
type=EXECVE msg=audit(1715850871.895:480): argc=1 a0="ls"
type=CWD msg=audit(1715850871.895:480): cwd="/tmp"
type=PATH msg=audit(1715850871.895:480): item=0 name="/home/lukasz/file.txt"
type=SYSCALL msg=audit(1715850888.217:481): arch=c000003e syscall=59 success=yes exit=0 ppid=3239 pid=3241 auid=1000 uid=1000 gid=1000 tty=pts0 ses=3 comm="python3" exe="/usr/bin/python3" key="normal_activity"
type=EXECVE msg=audit(1715850888.217:481): argc=1 a0="python3"
type=CWD msg=audit(1715850888.217:481): cwd="/home/lukasz/projects/bihso"
type=PATH msg=audit(1715850888.217:481): item=0 name="/home/lukasz/.bashrc"
type=SYSCALL msg=audit(1715850913.944:482): arch=c000003e syscall=59 success=yes exit=0 ppid=3241 pid=3244 auid=1000 uid=0 gid=0 tty=pts0 ses=3 comm="journalctl" exe="/usr/bin/journalctl" key="admin_activity"
type=EXECVE msg=audit(1715850913.944:482): argc=1 a0="journalctl"
type=CWD msg=audit(1715850913.944:482): cwd="/home/lukasz/projects/bihso"
type=PATH msg=audit(1715850913.944:482): item=0 name="/etc/hosts"
type=SYSCALL msg=audit(1715850948.921:483): arch=c000003e syscall=59 success=yes exit=0 ppid=3245 pid=3246 auid=1000 uid=0 gid=0 tty=pts0 ses=3 comm="apt" exe="/usr/bin/apt" key="admin_activity"
type=EXECVE msg=audit(1715850948.921:483): argc=1 a0="apt"
type=CWD msg=audit(1715850948.921:483): cwd="/home/lukasz/projects/bihso"
type=PATH msg=audit(1715850948.921:483): item=0 name="/home/lukasz/projects/app.py"
type=SYSCALL msg=audit(1715850961.489:484): arch=c000003e syscall=59 success=yes exit=0 ppid=3244 pid=3248 auid=1000 uid=1000 gid=1000 tty=pts0 ses=3 comm="ls" exe="/usr/bin/ls" key="normal_activity"
type=EXECVE msg=audit(1715850961.489:484): argc=1 a0="ls"
type=CWD msg=audit(1715850961.489:484): cwd="/tmp"
type=PATH msg=audit(1715850961.489:484): item=0 name="/home/lukasz/projects/app.py"
type=SYSCALL msg=audit(1715850992.992:485): arch=c000003e syscall=59 success=yes exit=0 ppid=3247 pid=3251 auid=1000 uid=1000 gid=1000 tty=pts0 ses=3 comm="python3" exe="/usr/bin/python3" key="normal_activity"
type=EXECVE msg=audit(1715850992.992:485): argc=1 a0="python3"
type=CWD msg=audit(1715850992.992:485): cwd="/home/lukasz"
type=PATH msg=audit(1715850992.992:485): item=0 name="/etc/hosts"
type=USER_AUTH msg=audit(1715851006.705:486): pid=3254 uid=0 auid=1000 msg='op=PAM:authentication acct="lukasz" exe="/usr/sbin/sshd" res=success'
type=SYSCALL msg=audit(1715851029.002:487): arch=c000003e syscall=59 success=yes exit=0 ppid=3254 pid=3257 auid=1000 uid=1000 gid=1000 tty=pts0 ses=3 comm="ls" exe="/usr/bin/ls" key="normal_activity"
type=EXECVE msg=audit(1715851029.002:487): argc=1 a0="ls"
type=CWD msg=audit(1715851029.002:487): cwd="/home/lukasz/projects/bihso"
type=PATH msg=audit(1715851029.002:487): item=0 name="/home/lukasz/projects/app.py"
type=SYSCALL msg=audit(1715851061.770:488): arch=c000003e syscall=59 success=yes exit=0 ppid=3257 pid=3260 auid=1000 uid=1000 gid=1000 tty=pts0 ses=3 comm="git" exe="/usr/bin/git" key="normal_activity"
type=EXECVE msg=audit(1715851061.770:488): argc=1 a0="git"
type=CWD msg=audit(1715851061.770:488): cwd="/tmp"
type=PATH msg=audit(1715851061.770:488): item=0 name="/etc/hosts"
type=SYSCALL msg=audit(1715851079.674:489): arch=c000003e syscall=59 success=yes exit=0 ppid=3260 pid=3262 auid=1000 uid=1000 gid=1000 tty=pts0 ses=3 comm="git" exe="/usr/bin/git" key="normal_activity"
type=EXECVE msg=audit(1715851079.674:489): argc=1 a0="git"
type=CWD msg=audit(1715851079.674:489): cwd="/tmp"
type=PATH msg=audit(1715851079.674:489): item=0 name="/home/lukasz/file.txt"
type=USER_AUTH msg=audit(1715851099.170:490): pid=3265 uid=0 auid=1000 msg='op=PAM:authentication acct="lukasz" exe="/usr/sbin/sshd" res=failed'
type=SYSCALL msg=audit(1715851151.075:491): arch=c000003e syscall=59 success=yes exit=0 ppid=3264 pid=3268 auid=1000 uid=1000 gid=1000 tty=pts0 ses=3 comm="ssh" exe="/usr/bin/ssh" key="normal_activity"
type=EXECVE msg=audit(1715851151.075:491): argc=1 a0="ssh"
type=CWD msg=audit(1715851151.075:491): cwd="/home/lukasz"
type=PATH msg=audit(1715851151.075:491): item=0 name="/home/lukasz/projects/app.py"
type=SYSCALL msg=audit(1715851207.561:492): arch=c000003e syscall=59 success=yes exit=0 ppid=3267 pid=3269 auid=1000 uid=1000 gid=1000 tty=pts0 ses=3 comm="vim" exe="/usr/bin/vim" key="normal_activity"
type=EXECVE msg=audit(1715851207.561:492): argc=1 a0="vim"
type=CWD msg=audit(1715851207.561:492): cwd="/home/lukasz"
type=PATH msg=audit(1715851207.561:492): item=0 name="/home/lukasz/file.txt"
type=SYSCALL msg=audit(1715851211.737:493): arch=c000003e syscall=59 success=yes exit=0 ppid=3272 pid=3273 auid=1000 uid=1000 gid=1000 tty=pts0 ses=3 comm="cat" exe="/usr/bin/cat" key="normal_activity"
type=EXECVE msg=audit(1715851211.737:493): argc=1 a0="cat"
type=CWD msg=audit(1715851211.737:493): cwd="/home/lukasz/projects"
type=PATH msg=audit(1715851211.737:493): item=0 name="/home/lukasz/file.txt"
type=SYSCALL msg=audit(1715851230.990:494): arch=c000003e syscall=59 success=yes exit=0 ppid=3272 pid=3275 auid=1000 uid=1000 gid=1000 tty=pts0 ses=3 comm="curl" exe="/usr/bin/curl" key="normal_activity"
type=EXECVE msg=audit(1715851230.990:494): argc=1 a0="curl"
type=CWD msg=audit(1715851230.990:494): cwd="/home/lukasz/projects"
type=PATH msg=audit(1715851230.990:494): item=0 name="/home/lukasz/projects/app.py"
type=SYSCALL msg=audit(1715851282.752:495): arch=c000003e syscall=59 success=yes exit=0 ppid=3274 pid=3278 auid=1000 uid=0 gid=0 tty=pts0 ses=3 comm="sudo" exe="/usr/bin/sudo" key="attack_activity"
type=EXECVE msg=audit(1715851282.752:495): argc=3 a0="sudo" a1="cat" a2="/etc/shadow"
type=CWD msg=audit(1715851282.752:495): cwd="/home/lukasz/projects/bihso"
type=PATH msg=audit(1715851282.752:495): item=0 name="/etc/shadow"
type=SYSCALL msg=audit(1715851315.570:496): arch=c000003e syscall=59 success=yes exit=0 ppid=3278 pid=3282 auid=1000 uid=0 gid=0 tty=pts0 ses=3 comm="apt" exe="/usr/bin/apt" key="admin_activity"
type=EXECVE msg=audit(1715851315.570:496): argc=1 a0="apt"
type=CWD msg=audit(1715851315.570:496): cwd="/home/lukasz/projects/bihso"
type=PATH msg=audit(1715851315.570:496): item=0 name="/home/lukasz/.bashrc"
type=SYSCALL msg=audit(1715851321.853:497): arch=c000003e syscall=59 success=yes exit=0 ppid=3282 pid=3285 auid=1000 uid=1000 gid=1000 tty=pts0 ses=3 comm="ssh" exe="/usr/bin/ssh" key="normal_activity"
type=EXECVE msg=audit(1715851321.853:497): argc=1 a0="ssh"
type=CWD msg=audit(1715851321.853:497): cwd="/home/lukasz/projects/bihso"
type=PATH msg=audit(1715851321.853:497): item=0 name="/home/lukasz/file.txt"
type=SYSCALL msg=audit(1715851372.882:498): arch=c000003e syscall=59 success=yes exit=0 ppid=3285 pid=3288 auid=1000 uid=0 gid=0 tty=pts0 ses=3 comm="sudo" exe="/usr/bin/sudo" key="attack_activity"
type=EXECVE msg=audit(1715851372.882:498): argc=3 a0="sudo" a1="cat" a2="/etc/shadow"
type=CWD msg=audit(1715851372.882:498): cwd="/home/lukasz"
type=PATH msg=audit(1715851372.882:498): item=0 name="/etc/shadow"
type=SYSCALL msg=audit(1715851374.421:499): arch=c000003e syscall=59 success=yes exit=0 ppid=3289 pid=3292 auid=1000 uid=1000 gid=1000 tty=pts0 ses=3 comm="nano" exe="/usr/bin/nano" key="normal_activity"
type=EXECVE msg=audit(1715851374.421:499): argc=1 a0="nano"
type=CWD msg=audit(1715851374.421:499): cwd="/home/lukasz/projects/bihso"
type=PATH msg=audit(1715851374.421:499): item=0 name="/home/lukasz/projects/app.py"
type=SYSCALL msg=audit(1715851398.711:500): arch=c000003e syscall=59 success=yes exit=0 ppid=3290 pid=3294 auid=1000 uid=1000 gid=1000 tty=pts0 ses=3 comm="ssh" exe="/usr/bin/ssh" key="normal_activity"
type=EXECVE msg=audit(1715851398.711:500): argc=1 a0="ssh"
type=CWD msg=audit(1715851398.711:500): cwd="/home/lukasz"
type=PATH msg=audit(1715851398.711:500): item=0 name="/etc/hosts"
type=SYSCALL msg=audit(1715851446.909:501): arch=c000003e syscall=59 success=yes exit=0 ppid=3294 pid=3297 auid=1000 uid=1000 gid=1000 tty=pts0 ses=3 comm="python3" exe="/usr/bin/python3" key="normal_activity"
type=EXECVE msg=audit(1715851446.909:501): argc=1 a0="python3"
type=CWD msg=audit(1715851446.909:501): cwd="/home/lukasz"
type=PATH msg=audit(1715851446.909:501): item=0 name="/home/lukasz/projects/app.py"
type=SYSCALL msg=audit(1715851474.774:502): arch=c000003e syscall=59 success=yes exit=0 ppid=3298 pid=3301 auid=1000 uid=0 gid=0 tty=pts0 ses=3 comm="apt" exe="/usr/bin/apt" key="admin_activity"
type=EXECVE msg=audit(1715851474.774:502): argc=1 a0="apt"
type=CWD msg=audit(1715851474.774:502): cwd="/tmp"
type=PATH msg=audit(1715851474.774:502): item=0 name="/home/lukasz/projects/app.py"
type=SYSCALL msg=audit(1715851532.987:503): arch=c000003e syscall=59 success=yes exit=0 ppid=3300 pid=3302 auid=1000 uid=1000 gid=1000 tty=pts0 ses=3 comm="cat" exe="/usr/bin/cat" key="normal_activity"
type=EXECVE msg=audit(1715851532.987:503): argc=1 a0="cat"
type=CWD msg=audit(1715851532.987:503): cwd="/home/lukasz/projects"
type=PATH msg=audit(1715851532.987:503): item=0 name="/etc/hosts"
type=SYSCALL msg=audit(1715851542.878:504): arch=c000003e syscall=59 success=yes exit=0 ppid=3304 pid=3306 auid=1000 uid=1000 gid=1000 tty=pts0 ses=3 comm="git" exe="/usr/bin/git" key="normal_activity"
type=EXECVE msg=audit(1715851542.878:504): argc=1 a0="git"
type=CWD msg=audit(1715851542.878:504): cwd="/tmp"
type=PATH msg=audit(1715851542.878:504): item=0 name="/home/lukasz/.bashrc"
type=SYSCALL msg=audit(1715851563.362:505): arch=c000003e syscall=59 success=yes exit=0 ppid=3307 pid=3308 auid=1000 uid=1000 gid=1000 tty=pts0 ses=3 comm="python3" exe="/usr/bin/python3" key="normal_activity"
type=EXECVE msg=audit(1715851563.362:505): argc=1 a0="python3"
type=CWD msg=audit(1715851563.362:505): cwd="/home/lukasz"
type=PATH msg=audit(1715851563.362:505): item=0 name="/etc/hosts"
type=SYSCALL msg=audit(1715851579.117:506): arch=c000003e syscall=59 success=yes exit=0 ppid=3311 pid=3312 auid=1000 uid=0 gid=0 tty=pts0 ses=3 comm="systemctl" exe="/usr/bin/systemctl" key="admin_activity"
type=EXECVE msg=audit(1715851579.117:506): argc=1 a0="systemctl"
type=CWD msg=audit(1715851579.117:506): cwd="/home/lukasz/projects"
type=PATH msg=audit(1715851579.117:506): item=0 name="/etc/hosts"
type=SYSCALL msg=audit(1715851623.637:507): arch=c000003e syscall=59 success=yes exit=0 ppid=3311 pid=3313 auid=1000 uid=1000 gid=1000 tty=pts0 ses=3 comm="curl" exe="/usr/bin/curl" key="normal_activity"
type=EXECVE msg=audit(1715851623.637:507): argc=1 a0="curl"
type=CWD msg=audit(1715851623.637:507): cwd="/home/lukasz"
type=PATH msg=audit(1715851623.637:507): item=0 name="/home/lukasz/projects/app.py"
type=SYSCALL msg=audit(1715851643.051:508): arch=c000003e syscall=59 success=yes exit=0 ppid=3314 pid=3316 auid=1000 uid=1000 gid=1000 tty=pts0 ses=3 comm="ls" exe="/usr/bin/ls" key="normal_activity"
type=EXECVE msg=audit(1715851643.051:508): argc=1 a0="ls"
type=CWD msg=audit(1715851643.051:508): cwd="/home/lukasz"
type=PATH msg=audit(1715851643.051:508): item=0 name="/home/lukasz/.bashrc"
type=SYSCALL msg=audit(1715851665.316:509): arch=c000003e syscall=59 success=yes exit=0 ppid=3315 pid=3317 auid=1000 uid=1000 gid=1000 tty=pts0 ses=3 comm="cat" exe="/usr/bin/cat" key="normal_activity"
type=EXECVE msg=audit(1715851665.316:509): argc=1 a0="cat"
type=CWD msg=audit(1715851665.316:509): cwd="/tmp"
type=PATH msg=audit(1715851665.316:509): item=0 name="/home/lukasz/.bashrc"
type=SYSCALL msg=audit(1715851700.813:510): arch=c000003e syscall=59 success=yes exit=0 ppid=3319 pid=3321 auid=1000 uid=1000 gid=1000 tty=pts0 ses=3 comm="hydra" exe="/usr/bin/hydra" key="attack_activity"
type=EXECVE msg=audit(1715851700.813:510): argc=4 a0="hydra" a1="-l" a2="root" a3="192.168.1.10"
type=CWD msg=audit(1715851700.813:510): cwd="/home/lukasz"
type=PATH msg=audit(1715851700.813:510): item=0 name="/etc/shadow"
type=SYSCALL msg=audit(1715851747.290:511): arch=c000003e syscall=59 success=yes exit=0 ppid=3321 pid=3323 auid=1000 uid=1000 gid=1000 tty=pts0 ses=3 comm="curl" exe="/usr/bin/curl" key="normal_activity"
type=EXECVE msg=audit(1715851747.290:511): argc=1 a0="curl"
type=CWD msg=audit(1715851747.290:511): cwd="/home/lukasz/projects/bihso"
type=PATH msg=audit(1715851747.290:511): item=0 name="/home/lukasz/file.txt"
type=USER_AUTH msg=audit(1715851789.669:512): pid=3324 uid=0 auid=1000 msg='op=PAM:authentication acct="lukasz" exe="/usr/sbin/sshd" res=failed'
type=SYSCALL msg=audit(1715851837.194:513): arch=c000003e syscall=59 success=no exit=-13 ppid=3323 pid=3327 auid=1000 uid=1000 gid=1000 tty=pts0 ses=3 comm="nano" exe="/usr/bin/nano" key="normal_activity"
type=EXECVE msg=audit(1715851837.194:513): argc=1 a0="nano"
type=CWD msg=audit(1715851837.194:513): cwd="/tmp"
type=PATH msg=audit(1715851837.194:513): item=0 name="/home/lukasz/.bashrc"
type=SYSCALL msg=audit(1715851840.524:514): arch=c000003e syscall=59 success=yes exit=0 ppid=3328 pid=3331 auid=1000 uid=1000 gid=1000 tty=pts0 ses=3 comm="curl" exe="/usr/bin/curl" key="normal_activity"
type=EXECVE msg=audit(1715851840.524:514): argc=1 a0="curl"
type=CWD msg=audit(1715851840.524:514): cwd="/home/lukasz/projects"
type=PATH msg=audit(1715851840.524:514): item=0 name="/home/lukasz/.bashrc"
type=SYSCALL msg=audit(1715851892.716:515): arch=c000003e syscall=59 success=yes exit=0 ppid=3332 pid=3333 auid=1000 uid=1000 gid=1000 tty=pts0 ses=3 comm="vim" exe="/usr/bin/vim" key="normal_activity"
type=EXECVE msg=audit(1715851892.716:515): argc=1 a0="vim"
